ID_LOCAL;CANAL;HOLDING;CADENA;CLIENTE;COD_PROV;COD_LOCAL;LOCAL;FORMATO_LOCAL;CLUSTER;REGION;CIUDAD;COMUNA;ZONA_NIELSEN;KAM;SUPERVISOR;VENDEDOR;REPONEDOR;ESTATUS;LATITUD;LONGITUD;DIRECCION;ZONA;VISITAS_MENSUALES;VISITA;ORIGEN;FECHA_INGRESO;LOCAL_B2B

1;SUPERMERCADOS;CENCOSUD;JUMBO;CENCOSUD;;J501;JUMBO - BILBAO;JUMBO;CLUSTER 3;13 - METROPOLITANA;SANTIAGO;LAS CONDES;GRAN STGO. Z2A;NO ASIGNADO;MARISOL OJEDA;NO ASIGNADO;NO ASIGNADO;1;-33.4297695;-70.5784809;JUMBO AV. FRANCISCO BILBAO 4144, SANTIAGO, LAS CONDES, REGIÓN METROPOLITANA;NO DEFINIDO;0;NO DEFINIDO;SELLOUT;;

2;SUPERMERCADOS;CENCOSUD;JUMBO;CENCOSUD;;J502;JUMBO - ALTO LAS CONDES;JUMBO;CLUSTER 3;13 - METROPOLITANA;SANTIAGO;LAS CONDES;GRAN STGO. Z2B;NO ASIGNADO;MARISOL OJEDA;NO ASIGNADO;NO ASIGNADO;1;-33.3908715;-70.5462877;JUMBO AV PRESIDENTE KENNEDY 9001, LAS CONDES, REGIÓN METROPOLITANA;NO DEFINIDO;0;NO DEFINIDO;SELLOUT;;

3;SUPERMERCADOS;CENCOSUD;JUMBO;CENCOSUD;;J511;JUMBO - COSTANERA;JUMBO;CLUSTER 3;13 - METROPOLITANA;SANTIAGO;VITACURA;GRAN STGO. Z2B;NO ASIGNADO;MARISOL OJEDA;NO ASIGNADO;NO ASIGNADO;1;-33.41764105245821;-70.6063587244432;JUMBO ANDRÉS BELLO 2465, PISO 1, PROVIDENCIA, REGIÓN METROPOLITANA;NO DEFINIDO;0;NO DEFINIDO;SELLOUT;;

4;SUPERMERCADOS;CENCOSUD;JUMBO;CENCOSUD;;J512;JUMBO - PORTAL LA REINA;JUMBO;CLUSTER 3;13 - METROPOLITANA;SANTIAGO;LA REINA;GRAN STGO. Z2A;NO ASIGNADO;JAIME VERA;NO ASIGNADO;NO ASIGNADO;1;-33.4279259;-70.542998317;JUMBO AV. FRANCISCO BILBAO 8750, LAS CONDES, REGIÓN METROPOLITANA;NO DEFINIDO;0;NO DEFINIDO;SELLOUT;;

5;SUPERMERCADOS;CENCOSUD;JUMBO;CENCOSUD;;J514;JUMBO - LA DEHESA;JUMBO;CLUSTER 3;13 - METROPOLITANA;SANTIAGO;LO BARNECHEA;GRAN STGO. Z2B;NO ASIGNADO;JAIME VERA;NO ASIGNADO;NO ASIGNADO;1;-33.3575796;-70.517455117;JUMBO AV. LA DEHESA 1445, LO BARNECHEA, REGIÓN METROPOLITANA;NO DEFINIDO;0;NO DEFINIDO;SELLOUT;;

6;SUPERMERCADOS;CENCOSUD;JUMBO;CENCOSUD;;J624;JUMBO - EL ALBA;JUMBO;CLUSTER 3;13 - METROPOLITANA;SANTIAGO;LAS CONDES;GRAN STGO. Z2B;NO ASIGNADO;JAIME VERA;NO ASIGNADO;NO ASIGNADO;1;-33.4013405;-70.516913517;JUMBO CAMINO EL ALBA 11969, LAS CONDES, REGIÓN METROPOLITANA;NO DEFINIDO;0;NO DEFINIDO;SELLOUT;;

7;SUPERMERCADOS;CENCOSUD;JUMBO;CENCOSUD;;J762;JUMBO - LOS TRAPENSES;JUMBO;CLUSTER 3;13 - METROPOLITANA;SANTIAGO;LO BARNECHEA;GRAN STGO. Z2B;NO ASIGNADO;JAIME VERA;NO ASIGNADO;NO ASIGNADO;1;-33.3433048;-70.546623817;JUMBO LO BARNECHEA, CAMINO LOS TRAPENSES 3515, SANTIAGO, LO BARNECHEA, REGIÓN METROPOLITANA;NO DEFINIDO;0;NO DEFINIDO;SELLOUT;;

8;SUPERMERCADOS;CENCOSUD;JUMBO;CENCOSUD;;J775;JUMBO - ÑUÑOA;JUMBO;CLUSTER 3;13 - METROPOLITANA;SANTIAGO;ÑUÑOA;GRAN STGO. Z2A;NO ASIGNADO;JAIME VERA;NO ASIGNADO;NO ASIGNADO;1;-33.4653138;-70.597813219;JUMBO AV. JOSÉ PEDRO ALESSANDRI 1166, ?U?OA, REGIÓN METROPOLITANA;NO DEFINIDO;0;NO DEFINIDO;SELLOUT;;

9;SUPERMERCADOS;CENCOSUD;JUMBO;CENCOSUD;;J810;JUMBO - LO CASTILLO;JUMBO;CLUSTER 3;13 - METROPOLITANA;SANTIAGO;VITACURA;GRAN STGO. Z2B;NO ASIGNADO;JAIME VERA;NO ASIGNADO;NO ASIGNADO;1;-33.3997915;-70.592344;JUMBO EDUARDO MARQUINA 3412, VITACURA, REGIÓN METROPOLITANA;NO DEFINIDO;0;NO DEFINIDO;SELLOUT;;

10;SUPERMERCADOS;CENCOSUD;JUMBO;CENCOSUD;;J992;JUMBO - COLINA CHAMISERO;JUMBO;CLUSTER 3;13 - METROPOLITANA;COLINA;COLINA;GRAN SANTIAGO ALREDEDORES;NO ASIGNADO;JAIME VERA;NO ASIGNADO;NO ASIGNADO;1;-33.321558;-70.648256817;JUMBO AV. STA. MARIA, COLINA, REGIÓN METROPOLITANA;NO DEFINIDO;0;NO DEFINIDO;SELLOUT;;

11;SUPERMERCADOS;CENCOSUD;JUMBO;CENCOSUD;;J508;JUMBO - VIÑA DEL MAR;JUMBO;CLUSTER 3;05 - VALPARAÍSO;VALPARAÍSO;VIÑA DEL MAR;VIÑA/VALPARAISO;NO ASIGNADO;MARISOL OJEDA;NO ASIGNADO;NO ASIGNADO;1;-33.0354283;-71.525728817;JUMBO 1 NORTE 2901, VI?A DEL MAR, REGIÓN DE VALPARAÍSO;NO DEFINIDO;0;NO DEFINIDO;SELLOUT;;

12;SUPERMERCADOS;CENCOSUD;JUMBO;CENCOSUD;;J520;JUMBO - VALPARAÍSO;JUMBO;CLUSTER 3;05 - VALPARAÍSO;VALPARAÍSO;VALPARAÍSO;VIÑA/VALPARAISO;NO ASIGNADO;MARISOL OJEDA;NO ASIGNADO;NO ASIGNADO;1;-33.0439739;-71.606666317;JUMBO AV. ARGENTINA 51, VALPARAÍSO, REGIÓN DE VALPARAÍSO;NO DEFINIDO;0;NO DEFINIDO;SELLOUT;;

13;SUPERMERCADOS;CENCOSUD;JUMBO;CENCOSUD;;J521;JUMBO - LA SERENA;JUMBO;CLUSTER 3;04 - COQUIMBO;LA SERENA;LA SERENA;SERENA/COQUIMBO;NO ASIGNADO;NO ASIGNADO;NO ASIGNADO;NO ASIGNADO;1;-29.9158695;-71.259109517;JUMBO AV. EL SANTO 1726, LA SERENA, REGIÓN DE COQUIMBO;NO DEFINIDO;0;NO DEFINIDO;SELLOUT;;

14;SUPERMERCADOS;CENCOSUD;JUMBO;CENCOSUD;;J534;JUMBO - ANTOFAGASTA ANGAMOS;JUMBO;CLUSTER 3;02 - ANTOFAGASTA;ANTOFAGASTA;ANTOFAGASTA;ANTOFAGASTA/CALAMA;NO ASIGNADO;NO ASIGNADO;NO ASIGNADO;NO ASIGNADO;1;-23.6676194;-70.407212117;JUMBO AV. ANGAMOS 745, ANTOFAGASTA, REGIÓN DE ANTOFAGASTA;NO DEFINIDO;0;NO DEFINIDO;SELLOUT;;

15;SUPERMERCADOS;CENCOSUD;JUMBO;CENCOSUD;;J614;JUMBO - CALAMA;JUMBO;CLUSTER 3;02 - ANTOFAGASTA;CALAMA;CALAMA;ANTOFAGASTA/CALAMA;NO ASIGNADO;NO ASIGNADO;NO ASIGNADO;NO ASIGNADO;1;-22.4553172;-68.924440419;JUMBO AV. CHORRILLOS 1759, CALAMA, REGIÓN DE ANTOFAGASTA;NO DEFINIDO;0;NO DEFINIDO;SELLOUT;;

16;SUPERMERCADOS;CENCOSUD;JUMBO;CENCOSUD;;J660;JUMBO - IQUIQUE;JUMBO;CLUSTER 3;01 - TARAPACÁ;IQUIQUE;IQUIQUE;ARICA/IQUIQUE;NO ASIGNADO;NO ASIGNADO;NO ASIGNADO;NO ASIGNADO;1;-20.240576;-70.147201117;JUMBO AV. HEROES DE LA CONCEPCIÓN 2855, IQUIQUE, REGIÓN DE TARAPACÁ;NO DEFINIDO;0;NO DEFINIDO;SELLOUT;;

17;SUPERMERCADOS;CENCOSUD;JUMBO;CENCOSUD;;J739;JUMBO - BOSQUEMAR;JUMBO;CLUSTER 3;05 - VALPARAÍSO;VALPARAÍSO;VIÑA DEL MAR;VIÑA/VALPARAISO;NO ASIGNADO;MARISOL OJEDA;NO ASIGNADO;NO ASIGNADO;1;-32.9396229;-71.5461549;JUMBO AV. CONCON RE?ACA 3850, CONCÓN, REGIÓN DE VALPARAÍSO;NO DEFINIDO;0;NO DEFINIDO;SELLOUT;;

18;SUPERMERCADOS;CENCOSUD;JUMBO;CENCOSUD;;J760;JUMBO - COPIAPO;JUMBO;CLUSTER 3;03 - ATACAMA;COPIAPÓ;COPIAPÓ;COPIAPO/VALLENAR/OVALLE/ILLAPEL;NO ASIGNADO;NO ASIGNADO;NO ASIGNADO;NO ASIGNADO;1;-27.3825774;-70.319386917;JUMBO AV. COPAYAPU 2406, COPIAPÓ, REGIÓN DE ATACAMA;NO DEFINIDO;0;NO DEFINIDO;SELLOUT;;

19;SUPERMERCADOS;CENCOSUD;JUMBO;CENCOSUD;;J780;JUMBO - LOS ANDES;JUMBO;CLUSTER 3;05 - VALPARAÍSO;LOS ANDES;LOS ANDES;VIÑA/VALPARAISO;NO ASIGNADO;NO ASIGNADO;NO ASIGNADO;NO ASIGNADO;1;-32.827435;-70.6048857;JUMBO ARGENTINA PTE. 805, LOS ANDES, REGIÓN DE VALPARAÍSO;NO DEFINIDO;0;NO DEFINIDO;SELLOUT;;

20;SUPERMERCADOS;CENCOSUD;JUMBO;CENCOSUD;;J781;JUMBO - EL BELLOTO;JUMBO;CLUSTER 3;05 - VALPARAÍSO;QUILPUE;QUILPUE;VIÑA/VALPARAISO;NO ASIGNADO;NO ASIGNADO;NO ASIGNADO;NO ASIGNADO;1;-33.0454893;-71.42476617;JUMBO AVDA. RAMÓN FREIRE 1851 - QUILPUÉ;NO DEFINIDO;0;NO DEFINIDO;SELLOUT;;

21;SUPERMERCADOS;CENCOSUD;JUMBO;CENCOSUD;;J796;JUMBO - ANTOFAGASTA PAC;JUMBO;CLUSTER 3;02 - ANTOFAGASTA;ANTOFAGASTA;ANTOFAGASTA;ANTOFAGASTA/CALAMA;NO ASIGNADO;NO ASIGNADO;NO ASIGNADO;NO ASIGNADO;1;-23.5797895;-70.391874417;JUMBO AV. PEDRO AGUIRRE CERDA 9400, ANTOFAGASTA, REGIÓN DE ANTOFOGASTA;NO DEFINIDO;0;NO DEFINIDO;SELLOUT;;

22;SUPERMERCADOS;CENCOSUD;JUMBO;CENCOSUD;;J503;JUMBO - MAIPU VESPUCIO;JUMBO;CLUSTER 3;13 - METROPOLITANA;SANTIAGO;MAIPÚ;GRAN STGO. Z6A;NO ASIGNADO;JAIME VERA;NO ASIGNADO;NO ASIGNADO;1;-33.4800164;-70.753955417;JUMBO AV. AMÉRICO VESPUCIO 1001, MAIPÚ, REGIÓN METROPOLITANA;NO DEFINIDO;0;NO DEFINIDO;SELLOUT;;

23;SUPERMERCADOS;CENCOSUD;JUMBO;CENCOSUD;;J510;JUMBO - FLORIDA;JUMBO;CLUSTER 3;13 - METROPOLITANA;SANTIAGO;LA FLORIDA;GRAN STGO. Z5C;NO ASIGNADO;JAIME VERA;NO ASIGNADO;NO ASIGNADO;1;-33.5145501;-70.6063237;AV. VICUÑA MACKENNA #6100;NO DEFINIDO;0;NO DEFINIDO;SELLOUT;;

24;SUPERMERCADOS;CENCOSUD;JUMBO;CENCOSUD;;J513;JUMBO - EL LLANO;JUMBO;CLUSTER 3;13 - METROPOLITANA;SANTIAGO;SAN MIGUEL;GRAN STGO. Z4B;NO ASIGNADO;JAIME VERA;NO ASIGNADO;NO ASIGNADO;1;-33.4859131;-70.653539317;JUMBO LLANO SUBERCASEAUX 3519, SAN MIGUEL, REGIÓN METROPOLITANA;NO DEFINIDO;0;NO DEFINIDO;SELLOUT;;

25;SUPERMERCADOS;CENCOSUD;JUMBO;CENCOSUD;;J519;JUMBO - PEÑALOLEN;JUMBO;CLUSTER 3;13 - METROPOLITANA;SANTIAGO;PEÑALOLÉN;GRAN STGO. Z5B;NO ASIGNADO;JAIME VERA;NO ASIGNADO;NO ASIGNADO;1;-33.488051;-70.558913917;JUMBO MARIANO SÁNCHEZ FONTECILLA 12000, PENALOLEN, PE?ALOLÉN, REGIÓN METROPOLITANA;NO DEFINIDO;0;NO DEFINIDO;SELLOUT;;

26;SUPERMERCADOS;CENCOSUD;JUMBO;CENCOSUD;;J613;JUMBO - PUENTE ALTO;JUMBO;CLUSTER 3;13 - METROPOLITANA;SANTIAGO;PUENTE ALTO;GRAN STGO. Z5C;NO ASIGNADO;JAIME VERA;NO ASIGNADO;NO ASIGNADO;1;-33.6117672;-70.578828117;JUMBO STO DOMINGO 67, PUENTE ALTO, REGIÓN METROPOLITANA;NO DEFINIDO;0;NO DEFINIDO;SELLOUT;;

27;SUPERMERCADOS;CENCOSUD;JUMBO;CENCOSUD;;J659;JUMBO - CONCHA Y TORO J659;JUMBO;CLUSTER 3;13 - METROPOLITANA;SANTIAGO;PUENTE ALTO;GRAN STGO. Z5C;NO ASIGNADO;JAIME VERA;NO ASIGNADO;NO ASIGNADO;1;-33.5711381;-70.586903117;JUMBO AV. CONCHA Y TORO 3854, SANTIAGO, PUENTE ALTO, REGIÓN METROPOLITANA;NO DEFINIDO;0;NO DEFINIDO;SELLOUT;;

28;SUPERMERCADOS;CENCOSUD;JUMBO;CENCOSUD;;J770;JUMBO - MAIPU PAJARITOS;JUMBO;CLUSTER 3;13 - METROPOLITANA;SANTIAGO;MAIPÚ;GRAN STGO. Z6A;NO ASIGNADO;JAIME VERA;NO ASIGNADO;NO ASIGNADO;1;-33.4966198;-70.760119217;JUMBO AV. LOS PAJARITOS 3302, MAIPÚ, REGIÓN METROPOLITANA;NO DEFINIDO;0;NO DEFINIDO;SELLOUT;;

29;SUPERMERCADOS;CENCOSUD;JUMBO;CENCOSUD;;J843;JUMBO - SAN BERNARDO LAS LILAS;JUMBO;CLUSTER 3;13 - METROPOLITANA;SAN BERNARDO;SAN BERNARDO;GRAN STGO. Z4A;NO ASIGNADO;JAIME VERA;NO ASIGNADO;NO ASIGNADO;1;-33.633671;-70.711415517;JUMBO AV. PORTALES 3698, SAN BERNARDO, REGIÓN METROPOLITANA;NO DEFINIDO;0;NO DEFINIDO;SELLOUT;;

30;SUPERMERCADOS;CENCOSUD;JUMBO;CENCOSUD;;J506;JUMBO - TEMUCO;JUMBO;CLUSTER 3;09 - LA ARAUCANIA;TEMUCO;TEMUCO;TEMUCO;NO ASIGNADO;NO ASIGNADO;NO ASIGNADO;NO ASIGNADO;1;-38.7355469;-72.6086488;AV. ALEMANIA 671;NO DEFINIDO;0;NO DEFINIDO;SELLOUT;;

31;SUPERMERCADOS;CENCOSUD;JUMBO;CENCOSUD;;J507;JUMBO - P.MONTT;JUMBO;CLUSTER 3;10 - LOS LAGOS;PUERTO MONTT;PUERTO MONTT;OSORNO/VALDIVIA/PUERTO MONTT;NO ASIGNADO;NO ASIGNADO;NO ASIGNADO;NO ASIGNADO;1;-41.4692663;-72.9340605;EJERCITO 470;NO DEFINIDO;0;NO DEFINIDO;SELLOUT;;

32;SUPERMERCADOS;CENCOSUD;JUMBO;CENCOSUD;;J532;JUMBO - CHILLÁN;JUMBO;CLUSTER 3;16 - ÑUBLE;CHILLÁN;CHILLÁN;LINARES/LOS ANGELES/CHILLAN;NO ASIGNADO;NO ASIGNADO;NO ASIGNADO;NO ASIGNADO;1;-36.5959588;-72.1080192;LONGITUDINAL NORTE 134;NO DEFINIDO;0;NO DEFINIDO;SELLOUT;;

33;SUPERMERCADOS;CENCOSUD;JUMBO;CENCOSUD;;J591;JUMBO - TALCA EL ARENAL;JUMBO;CLUSTER 3;07 - MAULE;TALCA;TALCA;CURICO/TALCA/MOLINA;NO ASIGNADO;NO ASIGNADO;NO ASIGNADO;NO ASIGNADO;1;-35.4300919;-71.671388;EL ARENAL 411;NO DEFINIDO;0;NO DEFINIDO;SELLOUT;;

34;SUPERMERCADOS;CENCOSUD;JUMBO;CENCOSUD;;J592;JUMBO - CURICÓ;JUMBO;CLUSTER 3;07 - MAULE;CURICÓ;CURICÓ;CURICO/TALCA/MOLINA;NO ASIGNADO;NO ASIGNADO;NO ASIGNADO;NO ASIGNADO;1;-34.9928306;-71.2453512;AV. B. O'HIGGINS 201;NO DEFINIDO;0;NO DEFINIDO;SELLOUT;;

35;SUPERMERCADOS;CENCOSUD;JUMBO;CENCOSUD;;J633;JUMBO - ALESSANDRI HUALPEN;JUMBO;CLUSTER 3;08 - BIO BIO;CONCEPCIÓN;HUALPEN;CONCEPCION/TALCAHUANO;NO ASIGNADO;NO ASIGNADO;NO ASIGNADO;NO ASIGNADO;1;-36.8078012;-73.0893968;COSTANERA RIVERA NORTE 9781;NO DEFINIDO;0;NO DEFINIDO;SELLOUT;;

36;SUPERMERCADOS;CENCOSUD;JUMBO;CENCOSUD;;J676;JUMBO - CONCEPCIÓN P DE VALDIV;JUMBO;CLUSTER 3;08 - BIO BIO;CONCEPCIÓN;CONCEPCIÓN;CONCEPCION/TALCAHUANO;NO ASIGNADO;NO ASIGNADO;NO ASIGNADO;NO ASIGNADO;1;-36.8464817;-73.0519413;AV. PEDRO VALDIVIA 1010;NO DEFINIDO;0;NO DEFINIDO;SELLOUT;;

37;SUPERMERCADOS;CENCOSUD;JUMBO;CENCOSUD;;J695;JUMBO - LOS ÁNGELES;JUMBO;CLUSTER 3;08 - BIO BIO;LOS ÁNGELES;LOS ÁNGELES;CONCEPCION/TALCAHUANO;NO ASIGNADO;NO ASIGNADO;NO ASIGNADO;NO ASIGNADO;1;-37.4717816;-72.3573988;ERCILLA 193.;NO DEFINIDO;0;NO DEFINIDO;SELLOUT;;

38;SUPERMERCADOS;CENCOSUD;JUMBO;CENCOSUD;;J748;JUMBO - OSORNO;JUMBO;CLUSTER 3;10 - LOS LAGOS;OSORNO;OSORNO;OSORNO/VALDIVIA/PUERTO MONTT;NO ASIGNADO;NO ASIGNADO;NO ASIGNADO;NO ASIGNADO;1;-40.5747436;-73.1300625;PLAZA YUNGAY 645;NO DEFINIDO;0;NO DEFINIDO;SELLOUT;;

39;SUPERMERCADOS;CENCOSUD;JUMBO;CENCOSUD;;J809;JUMBO - CONCEPCIÓN;JUMBO;CLUSTER 3;08 - BIO BIO;CONCEPCIÓN;CONCEPCIÓN;CONCEPCION/TALCAHUANO;NO ASIGNADO;NO ASIGNADO;NO ASIGNADO;NO ASIGNADO;1;-36.8259022;-73.0435272;BARROS ARANA 1068;NO DEFINIDO;0;NO DEFINIDO;SELLOUT;;

40;SUPERMERCADOS;CENCOSUD;JUMBO;CENCOSUD;;J957;JUMBO - MALL TALCA;JUMBO;CLUSTER 3;07 - MAULE;TALCA;TALCA;CURICO/TALCA/MOLINA;NO ASIGNADO;NO ASIGNADO;NO ASIGNADO;NO ASIGNADO;1;-35.4287091;-71.6715777;AV 2 NORTE 3230 LOCAL A;NO DEFINIDO;0;NO DEFINIDO;SELLOUT;;

41;SUPERMERCADOS;CENCOSUD;JUMBO;CENCOSUD;;J970;JUMBO - LOS PABLOS;JUMBO;CLUSTER 3;09 - LA ARAUCANIA;TEMUCO;TEMUCO;TEMUCO;NO ASIGNADO;NO ASIGNADO;NO ASIGNADO;NO ASIGNADO;1;-38.7439666;-72.6374183;AV.LOS PABLOS #1800;NO DEFINIDO;0;NO DEFINIDO;SELLOUT;;

42;SUPERMERCADOS;CENCOSUD;JUMBO;CENCOSUD;;J504;JUMBO - RANCAGUA;JUMBO;CLUSTER 3;06 - OHIGGINS;RANCAGUA;RANCAGUA;RANCAGUA/MACHALI/SAN FERN.;NO ASIGNADO;MARISOL OJEDA;NO ASIGNADO;NO ASIGNADO;1;-34.1856039;-70.7252081;AV. PRES. FREI MONTALVA#750;NO DEFINIDO;0;NO DEFINIDO;SELLOUT;;

43;SUPERMERCADOS;CENCOSUD;JUMBO;CENCOSUD;;J656;JUMBO - LA SERENA ULRIKSEN;JUMBO;NO DEFINIDO;04 - COQUIMBO;LA SERENA;LA SERENA;NO INFORMADO;NO ASIGNADO;NO ASIGNADO;NO ASIGNADO;NO ASIGNADO;1;-29.9210861;-71.234433;GUILLERMO ULRIKSEN 1630;NO DEFINIDO;0;NO DEFINIDO;SELLOUT;;

44;SUPERMERCADOS;CENCOSUD;JUMBO;CENCOSUD;;J955;JUMBO - VALDIVIA;JUMBO;NO DEFINIDO;14 - LOS RÍOS;VALDIVIA;VALDIVIA;NO INFORMADO;NO ASIGNADO;NO ASIGNADO;NO ASIGNADO;NO ASIGNADO;1;-39.8187463;-73.2337891;ERRAZURIZ 1040;NO DEFINIDO;0;NO DEFINIDO;SELLOUT;;

64;SUPERMERCADOS;WALMART;LIDER;WALMART;;2;EX - PEDRO DE VALDIVIA;EXPRESS;CLUSTER 4;13 - METROPOLITANA;SANTIAGO;PROVIDENCIA;GRAN STGO. Z2A;NO ASIGNADO;JAIME VERA;NO ASIGNADO;NO ASIGNADO;1;-33.4399391;-70.610244817;LIDER AV. PEDRO DE VALDIVIA 1885, PROVIDENCIA, REGIÓN METROPOLITANA;NO DEFINIDO;0;NO DEFINIDO;SELLOUT;;

65;SUPERMERCADOS;WALMART;LIDER;WALMART;;3;HI - IRARRAZABAL;HIPER;CLUSTER 4;13 - METROPOLITANA;SANTIAGO;ÑUÑOA;GRAN STGO. Z2A;NO ASIGNADO;JAIME VERA;NO ASIGNADO;NO ASIGNADO;1;-33.4533281;-70.60288617;LIDER IRARRÁZAVAL 2928, ?U?OA, REGIÓN METROPOLITANA;NO DEFINIDO;0;NO DEFINIDO;SELLOUT;;

66;MAYORISTAS;WALMART;ACUENTA;WALMART;;7;BA - PAINE;ACUENTA;CLUSTER 4;13 - METROPOLITANA;PAINE;PAINE;GRAN SANTIAGO ALREDEDORES;NO ASIGNADO;JAIME VERA;NO ASIGNADO;NO ASIGNADO;1;-33.8082874;0;DIECIOCHO DE SEPTIEMBRE 311;NO DEFINIDO;0;NO DEFINIDO;SELLOUT;;

67;SUPERMERCADOS;WALMART;LIDER;WALMART;;8;EX - COLON;EXPRESS;CLUSTER 4;13 - METROPOLITANA;SANTIAGO;LAS CONDES;GRAN STGO. Z2B;NO ASIGNADO;JAIME VERA;NO ASIGNADO;NO ASIGNADO;1;-33.4246472;-70.553824;CUARTO CENTENARIO 1016;NO DEFINIDO;0;NO DEFINIDO;SELLOUT;;

68;SUPERMERCADOS;WALMART;LIDER;WALMART;;15;EX - ESTORIL;EXPRESS;CLUSTER 4;13 - METROPOLITANA;SANTIAGO;LAS CONDES;GRAN STGO. Z2B;NO ASIGNADO;JAIME VERA;NO ASIGNADO;NO ASIGNADO;1;-33.3850342;-70.535627317;LIDER AV. LAS CONDES 10295, LAS CONDES, REGIÓN METROPOLITANA;NO DEFINIDO;0;NO DEFINIDO;SELLOUT;;

69;SUPERMERCADOS;WALMART;LIDER;WALMART;;16;EX - LA DEHESA;EXPRESS;CLUSTER 4;13 - METROPOLITANA;SANTIAGO;LO BARNECHEA;GRAN STGO. Z2B;NO ASIGNADO;JAIME VERA;NO ASIGNADO;NO ASIGNADO;1;-33.3530781;-70.522826217;EXPRESS DE LIDER EL RODEO 12850, LO BARNECHEA, REGIÓN METROPOLITANA;NO DEFINIDO;0;NO DEFINIDO;SELLOUT;;

70;SUPERMERCADOS;WALMART;LIDER;WALMART;;32;HI - SAN MIQUEL;HIPER;CLUSTER 4;13 - METROPOLITANA;SANTIAGO;SAN MIGUEL;GRAN STGO. Z4B;NO ASIGNADO;JAIME VERA;NO ASIGNADO;NO ASIGNADO;1;-33.5130077;-70.6567321;CHACABUCO  231;NO DEFINIDO;0;NO DEFINIDO;SELLOUT;;

71;SUPERMERCADOS;WALMART;LIDER;WALMART;;37;HI - MATUCANA;HIPER;CLUSTER 4;13 - METROPOLITANA;SANTIAGO;QUINTA NORMAL;GRAN STGO. Z3A;NO ASIGNADO;JAIME VERA;NO ASIGNADO;NO ASIGNADO;1;-33.4324049;-70.683164117;LIDER MATUCANA 1202, QUINTA NORMAL, REGIÓN METROPOLITANA;NO DEFINIDO;0;NO DEFINIDO;SELLOUT;;

72;SUPERMERCADOS;WALMART;LIDER;WALMART;;41;HI - HUECHURABA;HIPER;CLUSTER 4;13 - METROPOLITANA;SANTIAGO;HUECHURABA;GRAN STGO. Z3B;NO ASIGNADO;JAIME VERA;NO ASIGNADO;NO ASIGNADO;1;-33.3641895;-70.68133917;LIDER AV. AMÉRICO VESPUCIO 1737, HUECHURABA, REGIÓN METROPOLITANA;NO DEFINIDO;0;NO DEFINIDO;SELLOUT;;

73;SUPERMERCADOS;WALMART;LIDER;WALMART;;44;HI - QUILIN;HIPER;CLUSTER 4;13 - METROPOLITANA;SANTIAGO;PEÑALOLÉN;GRAN STGO. Z5B;NO ASIGNADO;JAIME VERA;NO ASIGNADO;NO ASIGNADO;1;-33.4859987;-70.578401719;LIDER AV. AMÉRICO VESPUCIO 3100, PENALOLEN, PE?ALOLÉN, REGIÓN METROPOLITANA;NO DEFINIDO;0;NO DEFINIDO;SELLOUT;;

74;SUPERMERCADOS;WALMART;LIDER;WALMART;;45;HI - VESPUCIO MAIPU;HIPER;CLUSTER 4;13 - METROPOLITANA;SANTIAGO;MAIPÚ;GRAN STGO. Z6A;NO ASIGNADO;JAIME VERA;NO ASIGNADO;NO ASIGNADO;1;-33.4724922;-70.7589597;LIDER AMÉRICO VESPUCIO NTE 1955, MAIPÚ, REGIÓN METROPOLITANA;NO DEFINIDO;0;NO DEFINIDO;SELLOUT;;

75;SUPERMERCADOS;WALMART;LIDER;WALMART;;46;HI - AVDA CENTRAL;HIPER;CLUSTER 4;13 - METROPOLITANA;SANTIAGO;MAIPÚ;GRAN STGO. Z6A;NO ASIGNADO;JAIME VERA;NO ASIGNADO;NO ASIGNADO;1;-33.502906;-70.7561574;HIPERMERCADO LIDER AV. LOS PAJARITOS 2689, MAIPÚ, REGIÓN METROPOLITANA;NO DEFINIDO;0;NO DEFINIDO;SELLOUT;;

76;SUPERMERCADOS;WALMART;LIDER;WALMART;;48;HI - CORDILLERA;HIPER;CLUSTER 4;13 - METROPOLITANA;SANTIAGO;PUENTE ALTO;GRAN STGO. Z5C;NO ASIGNADO;JAIME VERA;NO ASIGNADO;NO ASIGNADO;1;-33.5663222;-70.5567474;48 HI CORDILLERA, LOS TOROS 5526, PUENTE ALTO, REGIÓN METROPOLITANA;NO DEFINIDO;0;NO DEFINIDO;SELLOUT;;

77;SUPERMERCADOS;WALMART;LIDER;WALMART;;49;HI - QUILICURA;HIPER;CLUSTER 4;13 - METROPOLITANA;SANTIAGO;LA FLORIDA;GRAN STGO. Z3B;NO ASIGNADO;JAIME VERA;NO ASIGNADO;NO ASIGNADO;1;-33.3562632;-70.729806317;LIDER AV, O'HIGGINS 314, QUILICURA, REGIÓN METROPOLITANA;NO DEFINIDO;0;NO DEFINIDO;SELLOUT;;

78;SUPERMERCADOS;WALMART;LIDER;WALMART;;54;HI - VICUÑA MACKENNA;HIPER;CLUSTER 4;13 - METROPOLITANA;SANTIAGO;LA FLORIDA;GRAN STGO. Z5C;NO ASIGNADO;JAIME VERA;NO ASIGNADO;NO ASIGNADO;1;-33.519368;-70.6043465;LIDER AV. VICU?A MACKENNA 7196, LA FLORIDA, REGIÓN METROPOLITANA;NO DEFINIDO;0;NO DEFINIDO;SELLOUT;;

79;SUPERMERCADOS;WALMART;LIDER;WALMART;;55;HI - MACUL;HIPER;CLUSTER 4;13 - METROPOLITANA;SANTIAGO;MACUL;GRAN STGO. Z5B;NO ASIGNADO;JAIME VERA;NO ASIGNADO;NO ASIGNADO;1;-33.4744462;-70.601790317;LIDER AV. JOSÉ PEDRO ALESSANDRI 2127, MACUL, REGIÓN METROPOLITANA;NO DEFINIDO;0;NO DEFINIDO;SELLOUT;;

80;SUPERMERCADOS;WALMART;LIDER;WALMART;;57;HI - VITACURA;HIPER;CLUSTER 4;13 - METROPOLITANA;SANTIAGO;VITACURA;GRAN STGO. Z2B;NO ASIGNADO;JAIME VERA;NO ASIGNADO;NO ASIGNADO;1;-33.3871133;-70.5680176;BUENAVENTURA 1770;NO DEFINIDO;0;NO DEFINIDO;SELLOUT;;

81;SUPERMERCADOS;WALMART;LIDER;WALMART;;62;HI - PLAZA VESPUCIO;HIPER;CLUSTER 4;13 - METROPOLITANA;SANTIAGO;LA FLORIDA;GRAN STGO. Z5C;NO ASIGNADO;JAIME VERA;NO ASIGNADO;NO ASIGNADO;1;-33.5167916;-70.600023917;LIDER FROILÁN ROA 7107, LA FLORIDA, REGIÓN METROPOLITANA;NO DEFINIDO;0;NO DEFINIDO;SELLOUT;;

82;SUPERMERCADOS;WALMART;LIDER;WALMART;;66;HI - TALAGANTE;HIPER;CLUSTER 4;13 - METROPOLITANA;TALAGANTE;TALAGANTE;GRAN SANTIAGO ALREDEDORES;NO ASIGNADO;JAIME VERA;NO ASIGNADO;NO ASIGNADO;1;-33.6624126;-70.927293117;LIDER LIBERTADOR BERNARDO O'HIGGINS 807, TALAGANTE, REGIÓN METROPOLITANA;NO DEFINIDO;0;NO DEFINIDO;SELLOUT;;

83;SUPERMERCADOS;WALMART;LIDER;WALMART;;71;HI - VESPUCIO;HIPER;CLUSTER 4;13 - METROPOLITANA;SANTIAGO;LASCONDES;GRAN STGO. Z2A;NO ASIGNADO;JAIME VERA;NO ASIGNADO;NO ASIGNADO;1;-33.4631852;-70.5747915;LIDER AV. AMÉRICO VESPUCIO SUR 881, ?U?OA, REGIÓN METROPOLITANA;NO DEFINIDO;0;NO DEFINIDO;SELLOUT;;

84;SUPERMERCADOS;WALMART;LIDER;WALMART;;72;HI - GENERAL VELASQUEZ;HIPER;CLUSTER 4;13 - METROPOLITANA;SANTIAGO;ESTACIÓN CENTRAL;GRAN STGO. Z6B;NO ASIGNADO;JAIME VERA;NO ASIGNADO;NO ASIGNADO;1;-33.4526042;-70.694256117;LIDER AV. PADRE ALBERTO HURTADO 060, SANTIAGO, ESTACIÓN CENTRAL, REGIÓN METROPOLITANA;NO DEFINIDO;0;NO DEFINIDO;SELLOUT;;

85;SUPERMERCADOS;WALMART;LIDER;WALMART;;73;HI - PUENTE ALTO;HIPER;CLUSTER 4;13 - METROPOLITANA;SANTIAGO;PUENTE ALTO;GRAN STGO. Z5C;NO ASIGNADO;JAIME VERA;NO ASIGNADO;NO ASIGNADO;1;-33.599084;-70.57773717;LIDER AV. CONCHA Y TORO 1149, PUENTE ALTO, REGIÓN METROPOLITANA;NO DEFINIDO;0;NO DEFINIDO;SELLOUT;;

86;SUPERMERCADOS;WALMART;LIDER;WALMART;;74;EX - TOMAS MORO;EXPRESS;CLUSTER 4;13 - METROPOLITANA;SANTIAGO;LAS CONDES;GRAN STGO. Z2B;NO ASIGNADO;JAIME VERA;NO ASIGNADO;NO ASIGNADO;1;-33.4248494;-70.555641817;EXPRESS DE LIDER TOMÁS MORO 1590, LAS CONDES, REGIÓN METROPOLITANA;NO DEFINIDO;0;NO DEFINIDO;SELLOUT;;

87;SUPERMERCADOS;WALMART;LIDER;WALMART;;75;HI - MAIPU;HIPER;CLUSTER 4;13 - METROPOLITANA;SANTIAGO;MAIPÚ;GRAN STGO. Z6A;NO ASIGNADO;JAIME VERA;NO ASIGNADO;NO ASIGNADO;1;-33.4806767;-70.74719292;LIDER AV. LOS PAJARITOS 4500, MAIPÚ, REGIÓN METROPOLITANA;NO DEFINIDO;0;NO DEFINIDO;SELLOUT;;

88;SUPERMERCADOS;WALMART;LIDER;WALMART;;76;HI - DEPARTAMENTAL;HIPER;CLUSTER 4;13 - METROPOLITANA;SANTIAGO;LA FLORIDA;GRAN STGO. Z5C;NO ASIGNADO;JAIME VERA;NO ASIGNADO;NO ASIGNADO;1;-33.5119906;-70.59229719;LIDER AV. AMÉRICO VESPUCIO 6325, LA FLORIDA, REGIÓN METROPOLITANA;NO DEFINIDO;0;NO DEFINIDO;SELLOUT;;

89;SUPERMERCADOS;WALMART;LIDER;WALMART;;77;HI - INDEPENDENCIA;HIPER;CLUSTER 4;13 - METROPOLITANA;SANTIAGO;CONCHALÍ;GRAN STGO. Z3B;NO ASIGNADO;JAIME VERA;NO ASIGNADO;NO ASIGNADO;1;-33.3905699;-70.6778787;LIDER AV. INDEPENDENCIA 4142, CONCHALÍ, REGIÓN METROPOLITANA;NO DEFINIDO;0;NO DEFINIDO;SELLOUT;;

90;SUPERMERCADOS;WALMART;LIDER;WALMART;;80;HI - LOS MORROS;HIPER;CLUSTER 4;13 - METROPOLITANA;SANTIAGO;EL BOSQUE;GRAN STGO. Z4A;NO ASIGNADO;JAIME VERA;NO ASIGNADO;NO ASIGNADO;1;-33.5464179;-70.6697648;LIDER RIQUELME 69, EL BOSQUE, REGIÓN METROPOLITANA;NO DEFINIDO;0;NO DEFINIDO;SELLOUT;;

91;SUPERMERCADOS;WALMART;LIDER;WALMART;;82;HI - SAN BERNARDO;HIPER;CLUSTER 4;13 - METROPOLITANA;SAN BERNARDO;SAN BERNARDO;GRAN STGO. Z4A;NO ASIGNADO;JAIME VERA;NO ASIGNADO;NO ASIGNADO;1;-33.5978082;-70.7016853;LIDER SAN JOSÉ 69, SAN BERNARDO, REGIÓN METROPOLITANA;NO DEFINIDO;0;NO DEFINIDO;SELLOUT;;

92;SUPERMERCADOS;WALMART;LIDER;WALMART;;83;HI - SANTA AMALIA;HIPER;CLUSTER 4;13 - METROPOLITANA;SANTIAGO;LA FLORIDA;GRAN STGO. Z5C;NO ASIGNADO;JAIME VERA;NO ASIGNADO;NO ASIGNADO;1;-33.5438451;-70.57148218;LIDER AV, STA AMALIA 1763, LA FLORIDA, REGIÓN METROPOLITANA;NO DEFINIDO;0;NO DEFINIDO;SELLOUT;;

93;SUPERMERCADOS;WALMART;LIDER;WALMART;;85;HI - OESTE;HIPER;CLUSTER 4;13 - METROPOLITANA;SANTIAGO;CERRILLOS;GRAN STGO. Z6B;NO ASIGNADO;JAIME VERA;NO ASIGNADO;NO ASIGNADO;1;-33.5165034;-70.7092165;LIDER AV. AMÉRICO VESPUCIO 2700, LOS CERRILLOS, CERRILLOS, REGIÓN METROPOLITANA;NO DEFINIDO;0;NO DEFINIDO;SELLOUT;;

94;SUPERMERCADOS;WALMART;LIDER;WALMART;;86;HI - RECOLETA;HIPER;CLUSTER 4;13 - METROPOLITANA;SANTIAGO;RECOLETA;GRAN STGO. Z3B;NO ASIGNADO;JAIME VERA;NO ASIGNADO;NO ASIGNADO;1;-33.3934466662687;-70.64128538947544;LIDER AV. RECOLETA 3501, RECOLETA, REGIÓN METROPOLITANA;NO DEFINIDO;0;NO DEFINIDO;SELLOUT;;

95;SUPERMERCADOS;WALMART;LIDER;WALMART;;87;HI - SANTA ROSA;HIPER;CLUSTER 4;13 - METROPOLITANA;SANTIAGO;SAN RAMÓN;GRAN STGO. Z4B;NO ASIGNADO;JAIME VERA;NO ASIGNADO;NO ASIGNADO;1;-33.545648;-70.635085719;LIDER AV. STA. ROSA 9233, SAN RAMÓN, REGIÓN METROPOLITANA;NO DEFINIDO;0;NO DEFINIDO;SELLOUT;;

96;SUPERMERCADOS;WALMART;LIDER;WALMART;;88;HI - LOS DOMINICOS;HIPER;CLUSTER 4;13 - METROPOLITANA;SANTIAGO;LAS CONDES;GRAN STGO. Z2B;NO ASIGNADO;JAIME VERA;NO ASIGNADO;NO ASIGNADO;1;-33.40191;-70.518217317;LIDER CAMINO EL ALBA 11865, LAS CONDES, REGIÓN METROPOLITANA;NO DEFINIDO;0;NO DEFINIDO;SELLOUT;;

97;SUPERMERCADOS;WALMART;LIDER;WALMART;;95;HI - LA REINA;HIPER;CLUSTER 4;13 - METROPOLITANA;SANTIAGO;LA REINA;GRAN STGO. Z2A;NO ASIGNADO;JAIME VERA;NO ASIGNADO;NO ASIGNADO;1;-33.4603276;-70.544296719;LIDER JORGE ALESSANDRI 1131, LA REINA, REGIÓN METROPOLITANA;NO DEFINIDO;0;NO DEFINIDO;SELLOUT;;

98;SUPERMERCADOS;WALMART;LIDER;WALMART;;97;HI - PUENTE NUEVO;HIPER;CLUSTER 4;13 - METROPOLITANA;SANTIAGO;LO BARNECHEA;GRAN STGO. Z2B;NO ASIGNADO;JAIME VERA;NO ASIGNADO;NO ASIGNADO;1;-33.3698132;-70.512870319;LIDER AV. LAS CONDES 12916, LO BARNECHEA, REGIÓN METROPOLITANA;NO DEFINIDO;0;NO DEFINIDO;SELLOUT;;

99;SUPERMERCADOS;WALMART;LIDER;WALMART;;137;HI - SAN PABLO;HIPER;CLUSTER 4;13 - METROPOLITANA;SANTIAGO;LO PRADO;GRAN STGO. Z3A;NO ASIGNADO;JAIME VERA;NO ASIGNADO;NO ASIGNADO;1;-33.4452461;-70.7239304;LIDER NEPTUNO 720, LO PRADO, REGIÓN METROPOLITANA;NO DEFINIDO;0;NO DEFINIDO;SELLOUT;;

100;SUPERMERCADOS;WALMART;LIDER;WALMART;;607;HI - MELIPILLA;HIPER;CLUSTER 4;13 - METROPOLITANA;MELIPILLA;MELIPILLA;GRAN SANTIAGO ALREDEDORES;NO ASIGNADO;JAIME VERA;NO ASIGNADO;NO ASIGNADO;1;-33.6807262;-71.206063517;LIDER VICU?A MACKENNA 110, MELIPILLA, REGIÓN METROPOLITANA;NO DEFINIDO;0;NO DEFINIDO;SELLOUT;;

101;SUPERMERCADOS;WALMART;LIDER;WALMART;;616;HI - 3 PONIENTE;HIPER;CLUSTER 4;13 - METROPOLITANA;SANTIAGO;MAIPÚ;GRAN STGO. Z6A;NO ASIGNADO;JAIME VERA;NO ASIGNADO;NO ASIGNADO;1;-33.5281658;-70.780033117;LIDER AV. TRES PTE. 0900, MAIPÚ, REGIÓN METROPOLITANA;NO DEFINIDO;0;NO DEFINIDO;SELLOUT;;

102;SUPERMERCADOS;WALMART;LIDER;WALMART;;620;HI - NOS;HIPER;CLUSTER 4;13 - METROPOLITANA;SAN BERNARDO;SAN BERNARDO;GRAN STGO. Z4A;NO ASIGNADO;JAIME VERA;NO ASIGNADO;NO ASIGNADO;1;-33.6316638;-70.71255;LIDER AV PDTE JORGE ALESSANDRI RODRÍGUEZ 20040, SAN BERNARDO, REGIÓN METROPOLITAN;NO DEFINIDO;0;NO DEFINIDO;SELLOUT;;

103;SUPERMERCADOS;WALMART;LIDER;WALMART;;626;HI - PRINCIPE DE GALES;HIPER;CLUSTER 4;13 - METROPOLITANA;SANTIAGO;LA REINA;GRAN STGO. Z2A;NO ASIGNADO;JAIME VERA;NO ASIGNADO;NO ASIGNADO;1;-33.440621;-70.537163717;LIDER PRÍNCIPE DE GALES 9140, LA REINA, REGIÓN METROPOLITANA;NO DEFINIDO;0;NO DEFINIDO;SELLOUT;;

104;SUPERMERCADOS;WALMART;LIDER;WALMART;;682;HI - SAN JOAQUÍN;HIPER;CLUSTER 4;13 - METROPOLITANA;SANTIAGO;SAN JOAQUÍN;GRAN STGO. Z5A;NO ASIGNADO;JAIME VERA;NO ASIGNADO;NO ASIGNADO;1;-33.4842029;-70.624443617;LIDER AV. VICU?A MACKENNA 3361, SAN JOAQUÍN, REGIÓN METROPOLITANA;NO DEFINIDO;0;NO DEFINIDO;SELLOUT;;

105;SUPERMERCADOS;WALMART;LIDER;WALMART;;693;HI - SANTA ROSA;HIPER;CLUSTER 4;13 - METROPOLITANA;SANTIAGO;LA PINTANA;GRAN STGO. Z4B;NO ASIGNADO;JAIME VERA;NO ASIGNADO;NO ASIGNADO;1;-33.5457921;-70.6342921;LIDER AV. STA. ROSA 9233, SAN RAMÓN, REGIÓN METROPOLITANA;NO DEFINIDO;0;NO DEFINIDO;SELLOUT;;

106;SUPERMERCADOS;WALMART;LIDER;WALMART;;33;HI - CALAMA;HIPER;CLUSTER 4;02 - ANTOFAGASTA;CALAMA;CALAMA;ANTOFAGASTA/CALAMA;NO ASIGNADO;NO ASIGNADO;NO ASIGNADO;NO ASIGNADO;1;-22.4427702;-68.926345815;LIDER AV. BALMACEDA 3242, CALAMA, REGIÓN DE ANTOFAGASTA;NO DEFINIDO;0;NO DEFINIDO;SELLOUT;;

107;SUPERMERCADOS;WALMART;LIDER;WALMART;;53;HI - COQUIMBO;HIPER;CLUSTER 4;04 - COQUIMBO;COQUIMBO;COQUIMBO;COPIAPO/VALLENAR/OVALLE/ILLAPEL;NO ASIGNADO;NO ASIGNADO;NO ASIGNADO;NO ASIGNADO;1;-29.9670034;-71.334711317;LIDER DOMEYKO 55, COQUIMBO, REGIÓN DE COQUIMBO;NO DEFINIDO;0;NO DEFINIDO;SELLOUT;;

108;SUPERMERCADOS;WALMART;LIDER;WALMART;;58;HI - VIÑA DEL MAR;HIPER;CLUSTER 4;05 - VALPARAÍSO;VALPARAÍSO;VIÑA DEL MAR;VIÑA/VALPARAISO;NO ASIGNADO;NO ASIGNADO;NO ASIGNADO;NO ASIGNADO;1;-33.0081144;-71.546628817;LIDER 15 NTE. 961, VI?A DEL MAR, REGIÓN DE VALPARAÍSO;NO DEFINIDO;0;NO DEFINIDO;SELLOUT;;

109;SUPERMERCADOS;WALMART;LIDER;WALMART;;78;HI - IQUIQUE;HIPER;CLUSTER 4;01 - TARAPACÁ;IQUIQUE;IQUIQUE;ARICA/IQUIQUE;NO ASIGNADO;NO ASIGNADO;NO ASIGNADO;NO ASIGNADO;1;-20.2349769;-70.145836517;LIDER AV. HEROES DE LA CONCEPCIÓN 2653, IQUIQUE, REGIÓN DE TARAPACÁ;NO DEFINIDO;0;NO DEFINIDO;SELLOUT;;

110;SUPERMERCADOS;WALMART;LIDER;WALMART;;81;HI - ARICA;HIPER;CLUSTER 4;15 - ARICA Y PARINACOTA;ARICA;ARICA;ARICA/IQUIQUE;NO ASIGNADO;NO ASIGNADO;NO ASIGNADO;NO ASIGNADO;1;-18.4825491;0;LOS MAÑIOS 7045;NO DEFINIDO;0;NO DEFINIDO;SELLOUT;;

111;SUPERMERCADOS;WALMART;LIDER;WALMART;;84;HI - EL BELLOTO;HIPER;CLUSTER 4;05 - VALPARAÍSO;QUILPUE;QUILPUE;VIÑA/VALPARAISO;NO ASIGNADO;NO ASIGNADO;NO ASIGNADO;NO ASIGNADO;1;-33.0455456;-71.420728717;LIDER RAMÓN, FREIRE 1351, QUILPUÉ, REGIÓN DE VALPARAÍSO;NO DEFINIDO;0;NO DEFINIDO;SELLOUT;;

112;SUPERMERCADOS;WALMART;LIDER;WALMART;;91;HI - ANTOFAGASTA;HIPER;CLUSTER 4;02 - ANTOFAGASTA;ANTOFAGASTA;ANTOFAGASTA;ANTOFAGASTA/CALAMA;NO ASIGNADO;NO ASIGNADO;NO ASIGNADO;NO ASIGNADO;1;-23.5653131;-70.393038217;LIDER CAPARROSA 355, ANTOFAGASTA, REGIÓN DE ANTOFAGASTA;NO DEFINIDO;0;NO DEFINIDO;SELLOUT;;

113;SUPERMERCADOS;WALMART;LIDER;WALMART;;92;HI - LA SERENA AV;HIPER;CLUSTER 4;04 - COQUIMBO;LA SERENA;LA SERENA;SERENA/COQUIMBO;NO ASIGNADO;NO ASIGNADO;NO ASIGNADO;NO ASIGNADO;1;-29.9056442;-71.262406315;LIDER FRANCISCO DE AGUIRRE 02, LA SERENA, REGIÓN DE COQUIMBO;NO DEFINIDO;0;NO DEFINIDO;SELLOUT;;

114;SUPERMERCADOS;WALMART;LIDER;WALMART;;122;HI - QUILLOTA;HIPER;CLUSTER 4;05 - VALPARAÍSO;QUILLOTA;QUILLOTA;VIÑA/VALPARAISO;NO ASIGNADO;NO ASIGNADO;NO ASIGNADO;NO ASIGNADO;1;-32.8743884;-71.243589317;LIDER 21 DE MAYO 311, QUILLOTA, REGIÓN DE VALPARAÍSO;NO DEFINIDO;0;NO DEFINIDO;SELLOUT;;

115;SUPERMERCADOS;WALMART;LIDER;WALMART;;125;HI - OVALLE;HIPER;CLUSTER 4;04 - COQUIMBO;OVALLE;OVALLE;COPIAPO/VALLENAR/OVALLE/ILLAPEL;NO ASIGNADO;NO ASIGNADO;NO ASIGNADO;NO ASIGNADO;1;-30.5977816;-71.199936417;LIDER RECINTO ESTACIÓN 48, OVALLE, REGIÓN DE COQUIMBO;NO DEFINIDO;0;NO DEFINIDO;SELLOUT;;

116;SUPERMERCADOS;WALMART;LIDER;WALMART;;126;HI - COPIAPO;HIPER;CLUSTER 4;03 - ATACAMA;COPIAPÓ;COPIAPÓ;COPIAPO/VALLENAR/OVALLE/ILLAPEL;NO ASIGNADO;NO ASIGNADO;NO ASIGNADO;NO ASIGNADO;1;-27.369445;-70.337744717;LIDER CHACABUCO 120, COPIAPÓ, REGIÓN DE ATACAMA;NO DEFINIDO;0;NO DEFINIDO;SELLOUT;;

117;SUPERMERCADOS;WALMART;LIDER;WALMART;;425;EX - COPIAPO LOS CARRERA;EXPRESS;CLUSTER 4;03 - ATACAMA;COPIAPÓ;COPIAPÓ;COPIAPO/VALLENAR/OVALLE/ILLAPEL;NO ASIGNADO;NO ASIGNADO;NO ASIGNADO;NO ASIGNADO;1;-27.3897082;-70.305144117;LIDER LOS CARRERA 3791, COPIAPÓ, REGIÓN DE ATACAMA;NO DEFINIDO;0;NO DEFINIDO;SELLOUT;;

118;SUPERMERCADOS;WALMART;LIDER;WALMART;;457;HI - VILLA ALEMANA;HIPER;CLUSTER 4;05 - VALPARAÍSO;VILLA ALEMANA;VILLA ALEMANA;VIÑA/VALPARAISO;NO ASIGNADO;NO ASIGNADO;NO ASIGNADO;NO ASIGNADO;1;-33.0478276;-71.3484266;LIDER TRONCAL SUR 1561, VILLA ALEMANA, VI?A DEL MAR, REGIÓN DE VALPARAÍSO;NO DEFINIDO;0;NO DEFINIDO;SELLOUT;;

119;SUPERMERCADOS;WALMART;LIDER;WALMART;;459;HI - CALAMA HUAYTIQUINA;HIPER;CLUSTER 4;02 - ANTOFAGASTA;CALAMA;CALAMA;ANTOFAGASTA/CALAMA;NO ASIGNADO;NO ASIGNADO;NO ASIGNADO;NO ASIGNADO;1;-22.4362521;-68.9137558;HUAYTIQUINA 1425, CALAMA, REGIÓN DE ANTOFAGASTA;NO DEFINIDO;0;NO DEFINIDO;SELLOUT;;

120;SUPERMERCADOS;WALMART;LIDER;WALMART;;602;HI - LOS ANDES;HIPER;CLUSTER 4;05 - VALPARAÍSO;LOS ANDES;LOS ANDES;VIÑA/VALPARAISO;NO ASIGNADO;NO ASIGNADO;NO ASIGNADO;NO ASIGNADO;1;-32.832416;-70.601515717;EXPRESS DE LIDER PAPUDO 261, LOS ANDES, REGIÓN DE VALPARAÍSO;NO DEFINIDO;0;NO DEFINIDO;SELLOUT;;

121;SUPERMERCADOS;WALMART;LIDER;WALMART;;625;EX - CON CON;EXPRESS;CLUSTER 4;05 - VALPARAÍSO;VALPARAÍSO;VIÑA DEL MAR;VIÑA/VALPARAISO;NO ASIGNADO;NO ASIGNADO;NO ASIGNADO;NO ASIGNADO;1;-32.9440477;-71.547615617;EXPRESS DE LIDER LAS HIEDRAS 765, CONCÓN, REGIÓN DE VALPARAÍSO;NO DEFINIDO;0;NO DEFINIDO;SELLOUT;;

122;SUPERMERCADOS;WALMART;LIDER;WALMART;;632;HI - VIÑA CENTRO;HIPER;CLUSTER 4;05 - VALPARAÍSO;VALPARAÍSO;VIÑA DEL MAR;VIÑA/VALPARAISO;NO ASIGNADO;NO ASIGNADO;NO ASIGNADO;NO ASIGNADO;1;-33.0269828;-71.5496506;CALLE VALPARAÍSO 1070;NO DEFINIDO;0;NO DEFINIDO;SELLOUT;;

123;SUPERMERCADOS;WALMART;LIDER;WALMART;;654;HI - SAN ANTONIO;HIPER;CLUSTER 4;05 - VALPARAÍSO;SAN ANTONIO;SAN ANTONIO;VIÑA/VALPARAISO;NO ASIGNADO;NO ASIGNADO;NO ASIGNADO;NO ASIGNADO;1;-33.6073142;-71.6127695;LIDER BARROS LUCO 2970, SAN ANTONIO, REGIÓN DE VALPARAÍSO-;NO DEFINIDO;0;NO DEFINIDO;SELLOUT;;

124;SUPERMERCADOS;WALMART;LIDER;WALMART;;655;HI - ANTOFAGASTA II;HIPER;CLUSTER 4;02 - ANTOFAGASTA;ANTOFAGASTA;ANTOFAGASTA;ANTOFAGASTA/CALAMA;NO ASIGNADO;NO ASIGNADO;NO ASIGNADO;NO ASIGNADO;1;-23.6367343;-70.39669979999996;JOSÃ© IGNACIO ZENTENO 21;NO DEFINIDO;0;NO DEFINIDO;SELLOUT;;

125;SUPERMERCADOS;WALMART;LIDER;WALMART;;684;HI - CUATRO ESQUINAS;HIPER;CLUSTER 4;04 - COQUIMBO;LA SERENA;LA SERENA;SERENA/COQUIMBO;NO ASIGNADO;NO ASIGNADO;NO ASIGNADO;NO ASIGNADO;1;-29.942081;-71.242855217;LIDER AV GUILLERMO ULRIKSEN 3128, LA SERENA, REGIÓN DE COQUIMBO;NO DEFINIDO;0;NO DEFINIDO;SELLOUT;;

126;SUPERMERCADOS;WALMART;LIDER;WALMART;;686;HI - REGIMIENTO ARICA;HIPER;CLUSTER 4;04 - COQUIMBO;LA SERENA;LA SERENA;SERENA/COQUIMBO;NO ASIGNADO;NO ASIGNADO;NO ASIGNADO;NO ASIGNADO;1;-29.9490247;-71.272053917;LIDER REGIMIENTO ARICA 6145, LA SERENA, REGIÓN DE COQUIMBO;NO DEFINIDO;0;NO DEFINIDO;SELLOUT;;

127;SUPERMERCADOS;WALMART;LIDER;WALMART;;36;HI - LOS ÁNGELES;HIPER;CLUSTER 4;08 - BIO BIO;LOS ÁNGELES;LOS ÁNGELES;CONCEPCION/TALCAHUANO;NO ASIGNADO;NO ASIGNADO;NO ASIGNADO;NO ASIGNADO;1;-37.4737589;-72.3512702;LIDER AV. RICARDO VICU?A 284, LOS ANGELES, LOS ÁNGELES, REGIÓN DEL BÍO BÍO;NO DEFINIDO;0;NO DEFINIDO;SELLOUT;;

128;SUPERMERCADOS;WALMART;LIDER;WALMART;;42;HI - CURICÓ;HIPER;CLUSTER 4;07 - MAULE;CURICÓ;CURICÓ;CURICO/TALCA/MOLINA;NO ASIGNADO;NO ASIGNADO;NO ASIGNADO;NO ASIGNADO;1;-34.986807;-71.2415972;CARMEN 1190 AL 1196;NO DEFINIDO;0;NO DEFINIDO;SELLOUT;;

129;SUPERMERCADOS;WALMART;LIDER;WALMART;;43;EX - TALCA;EXPRESS;CLUSTER 4;07 - MAULE;TALCA;TALCA;CURICO/TALCA/MOLINA;NO ASIGNADO;NO ASIGNADO;NO ASIGNADO;NO ASIGNADO;1;-35.4256168;-71.6575487;LIDER 15 NTE. 961, VI?A DEL MAR, REGIÓN DE VALPARAÍSO;NO DEFINIDO;0;NO DEFINIDO;SELLOUT;;

130;SUPERMERCADOS;WALMART;LIDER;WALMART;;79;HI - TALCA;HIPER;CLUSTER 4;07 - MAULE;TALCA;TALCA;CURICO/TALCA/MOLINA;NO ASIGNADO;NO ASIGNADO;NO ASIGNADO;NO ASIGNADO;1;-35.4260107;-71.6545002;MANUEL RODRIGUEZ 785;NO DEFINIDO;0;NO DEFINIDO;SELLOUT;;

131;SUPERMERCADOS;WALMART;LIDER;WALMART;;89;HI - BIO BIO;HIPER;CLUSTER 4;08 - BIO BIO;CONCEPCIÓN;CONCEPCIÓN;CONCEPCION/TALCAHUANO;NO ASIGNADO;NO ASIGNADO;NO ASIGNADO;NO ASIGNADO;1;-36.8288656;-73.060524;ARTURO PRAT 651;NO DEFINIDO;0;NO DEFINIDO;SELLOUT;;

132;SUPERMERCADOS;WALMART;LIDER;WALMART;;93;HI - OSORNO;HIPER;CLUSTER 4;10 - LOS LAGOS;OSORNO;OSORNO;OSORNO/VALDIVIA/PUERTO MONTT;NO ASIGNADO;NO ASIGNADO;NO ASIGNADO;NO ASIGNADO;1;-40.5781598;-73.1374345;MANUEL RODRIGUEZ  954;NO DEFINIDO;0;NO DEFINIDO;SELLOUT;;

133;SUPERMERCADOS;WALMART;LIDER;WALMART;;94;HI - VALDIVIA;HIPER;CLUSTER 4;14 - LOS RÍOS;VALDIVIA;VALDIVIA;OSORNO/VALDIVIA/PUERTO MONTT;NO ASIGNADO;NO ASIGNADO;NO ASIGNADO;NO ASIGNADO;1;-39.8246501;-73.22462;BUERAS 1400;NO DEFINIDO;0;NO DEFINIDO;SELLOUT;;

134;SUPERMERCADOS;WALMART;LIDER;WALMART;;96;HI - TEMUCO;HIPER;CLUSTER 4;09 - LA ARAUCANIA;TEMUCO;TEMUCO;TEMUCO;NO ASIGNADO;NO ASIGNADO;NO ASIGNADO;NO ASIGNADO;1;-38.7433645;-72.5926806;BERNARDO OHIGGINS 701;NO DEFINIDO;0;NO DEFINIDO;SELLOUT;;

135;SUPERMERCADOS;WALMART;LIDER;WALMART;;98;HI - CONCEPCIÓN;HIPER;CLUSTER 4;08 - BIO BIO;CONCEPCIÓN;CONCEPCIÓN;CONCEPCION/TALCAHUANO;NO ASIGNADO;NO ASIGNADO;NO ASIGNADO;NO ASIGNADO;1;-36.8290894;-73.0599012;ARTURO PRAT 651;NO DEFINIDO;0;NO DEFINIDO;SELLOUT;;

136;SUPERMERCADOS;WALMART;LIDER;WALMART;;99;HI - PUERTO MONTT;HIPER;CLUSTER 4;10 - LOS LAGOS;PUERTO MONTT;PUERTO MONTT;OSORNO/VALDIVIA/PUERTO MONTT;NO ASIGNADO;NO ASIGNADO;NO ASIGNADO;NO ASIGNADO;1;-41.4609908;-72.949563;PARQUE INDUSTRIAL 400;NO DEFINIDO;0;NO DEFINIDO;SELLOUT;;

137;SUPERMERCADOS;WALMART;LIDER;WALMART;;120;HI - TEMUCO;HIPER;CLUSTER 4;09 - LA ARAUCANIA;TEMUCO;TEMUCO;TEMUCO;NO ASIGNADO;NO ASIGNADO;NO ASIGNADO;NO ASIGNADO;1;0;0;REPUBLICA 48;NO DEFINIDO;0;NO DEFINIDO;SELLOUT;;

138;SUPERMERCADOS;WALMART;LIDER;WALMART;;121;HI - PUNTA ARENAS;HIPER;CLUSTER 4;12 - MAGALLANES Y ANT.;PUNTA ARENAS;PUNTA ARENAS;OSORNO/VALDIVIA/PUERTO MONTT;NO ASIGNADO;NO ASIGNADO;NO ASIGNADO;NO ASIGNADO;1;-33.3991639;-70.5758232;AV. PDTE. EDUARDO FREÍ MONTALVA 1110;NO DEFINIDO;0;NO DEFINIDO;SELLOUT;;

139;SUPERMERCADOS;WALMART;LIDER;WALMART;;127;HI - LINARES;HIPER;CLUSTER 4;07 - MAULE;LINARES;LINARES;LINARES/LOS ANGELES/CHILLAN;NO ASIGNADO;NO ASIGNADO;NO ASIGNADO;NO ASIGNADO;1;-35.8434181;-71.6065233;AV. ANIBAL - LEÓN BUSTOS 280;NO DEFINIDO;0;NO DEFINIDO;SELLOUT;;

140;SUPERMERCADOS;WALMART;LIDER;WALMART;;143;HI - COLIN SUCURSAL;HIPER;CLUSTER 4;07 - MAULE;TALCA;TALCA;CURICO/TALCA/MOLINA;NO ASIGNADO;NO ASIGNADO;NO ASIGNADO;NO ASIGNADO;1;-35.4434958;-71.686531;COLIN 240;NO DEFINIDO;0;NO DEFINIDO;SELLOUT;;

141;SUPERMERCADOS;WALMART;LIDER;WALMART;;426;HI - LOS ÁNGELES VICENTA;HIPER;CLUSTER 4;08 - BIO BIO;LOS ÁNGELES;LOS ÁNGELES;CONCEPCION/TALCAHUANO;NO ASIGNADO;NO ASIGNADO;NO ASIGNADO;NO ASIGNADO;1;-37.4464809;-72.3319771;AV. SOR VICENTA 2575;NO DEFINIDO;0;NO DEFINIDO;SELLOUT;;

142;SUPERMERCADOS;WALMART;LIDER;WALMART;;456;HI - BARROS ARANA TEMUCO;HIPER;CLUSTER 4;09 - LA ARAUCANIA;TEMUCO;TEMUCO;TEMUCO;NO ASIGNADO;NO ASIGNADO;NO ASIGNADO;NO ASIGNADO;1;-38.728815;0;AV. BARROS ARANA 308;NO DEFINIDO;0;NO DEFINIDO;SELLOUT;;

143;SUPERMERCADOS;WALMART;LIDER;WALMART;;606;HI - CORONEL;HIPER;CLUSTER 4;08 - BIO BIO;CONCEPCIÓN;CORONEL;CONCEPCION/TALCAHUANO;NO ASIGNADO;NO ASIGNADO;NO ASIGNADO;NO ASIGNADO;1;-36.9955016;-73.161666;AV APOQUINDO  4411;NO DEFINIDO;0;NO DEFINIDO;SELLOUT;;

144;SUPERMERCADOS;WALMART;LIDER;WALMART;;608;HI - CHILLÁN;HIPER;CLUSTER 4;16 - ÑUBLE;CHILLÁN;CHILLÁN;LINARES/LOS ANGELES/CHILLAN;NO ASIGNADO;NO ASIGNADO;NO ASIGNADO;NO ASIGNADO;1;-36.615508;-72.104195;COLLIN 698;NO DEFINIDO;0;NO DEFINIDO;SELLOUT;;

145;SUPERMERCADOS;WALMART;LIDER;WALMART;;618;HI - CASONA OSORNO;HIPER;CLUSTER 4;10 - LOS LAGOS;OSORNO;OSORNO;OSORNO/VALDIVIA/PUERTO MONTT;NO ASIGNADO;NO ASIGNADO;NO ASIGNADO;NO ASIGNADO;1;-40.5896047;-73.1011967;ALCALDE RENÉ SORIANO BÓRQUEZ 2855;NO DEFINIDO;0;NO DEFINIDO;SELLOUT;;

146;SUPERMERCADOS;WALMART;LIDER;WALMART;;631;HI - COLLAO;HIPER;CLUSTER 4;08 - BIO BIO;CONCEPCIÓN;CONCEPCIÓN;CONCEPCION/TALCAHUANO;NO ASIGNADO;NO ASIGNADO;NO ASIGNADO;NO ASIGNADO;1;-36.8180781;-73.0324508;SAN SEBASTIAN 2701 ENCOMENDERO;NO DEFINIDO;0;NO DEFINIDO;SELLOUT;;

147;SUPERMERCADOS;WALMART;LIDER;WALMART;;670;HI - LLANQUIHUE;HIPER;CLUSTER 4;10 - LOS LAGOS;PUERTO MONTT;PUERTO MONTT;OSORNO/VALDIVIA/PUERTO MONTT;NO ASIGNADO;NO ASIGNADO;NO ASIGNADO;NO ASIGNADO;1;-41.4609153;-72.94946140000002;PARQUE INDUSTRIAL 400;NO DEFINIDO;0;NO DEFINIDO;SELLOUT;;

148;SUPERMERCADOS;WALMART;LIDER;WALMART;;35;HI - RANCAGUA;HIPER;CLUSTER 4;06 - OHIGGINS;RANCAGUA;RANCAGUA;RANCAGUA/MACHALI/SAN FERN.;NO ASIGNADO;MARISOL OJEDA;NO ASIGNADO;NO ASIGNADO;1;-34.1801543;-70.732107;CARR DEL COBRE 607, RANCAGUA, REGIÓN DEL LIBERTADOR GRAL. BERNARDO OHIGGINS;NO DEFINIDO;0;NO DEFINIDO;SELLOUT;;

149;SUPERMERCADOS;WALMART;LIDER;WALMART;;38;HI - RANCAGUA EINSTEIN;HIPER;CLUSTER 4;06 - OHIGGINS;RANCAGUA;RANCAGUA;RANCAGUA/MACHALI/SAN FERN.;NO ASIGNADO;MARISOL OJEDA;NO ASIGNADO;NO ASIGNADO;1;-34.173107;-70.7168378;EINSTEIN 263;NO DEFINIDO;0;NO DEFINIDO;SELLOUT;;

150;SUPERMERCADOS;WALMART;LIDER;WALMART;;39;HI - RANCAGUA RECREO;HIPER;CLUSTER 4;06 - OHIGGINS;RANCAGUA;RANCAGUA;RANCAGUA/MACHALI/SAN FERN.;NO ASIGNADO;MARISOL OJEDA;NO ASIGNADO;NO ASIGNADO;1;-34.1593601;-70.7381699;RECREO 620, RANCAGUA, REGIÓN DEL LIBERTADOR GRAL. BERNARDO OHIGGINS;NO DEFINIDO;0;NO DEFINIDO;SELLOUT;;

151;SUPERMERCADOS;WALMART;LIDER;WALMART;;628;HI - SANTA CRUZ;HIPER;CLUSTER 4;06 - OHIGGINS;SANTA CRUZ;SANTA CRUZ;RANCAGUA/MACHALI/SAN FERN.;NO ASIGNADO;MARISOL OJEDA;NO ASIGNADO;NO ASIGNADO;1;-34.64272547355195;-71.37056809600006;AV. RAFAEL CASANOVA 344;NO DEFINIDO;0;NO DEFINIDO;SELLOUT;;

152;SUPERMERCADOS;WALMART;LIDER;WALMART;;697;HI - SAN FERNANDO;HIPER;CLUSTER 4;06 - OHIGGINS;SAN FERNANDO;SAN FERNANDO;RANCAGUA/MACHALI/SAN FERN.;NO ASIGNADO;MARISOL OJEDA;NO ASIGNADO;NO ASIGNADO;1;-34.58988799999999;-70.98570799999999;ELIODORO YAÑEZ  2881- 2885;NO DEFINIDO;0;NO DEFINIDO;SELLOUT;;

153;SUPERMERCADOS;WALMART;LIDER;WALMART;;671;HI - LIDER;HIPER;CLUSTER 4;13 - METROPOLITANA;SANTIAGO;QUILICURA;GRAN STGO. Z3B;NO ASIGNADO;JAIME VERA;NO ASIGNADO;NO ASIGNADO;1;-33.3598566;-70.7461362;HIPER LIDER STA LAURA 677, QUILICURA, REGIÓN METROPOLITANA;NO DEFINIDO;0;NO DEFINIDO;SELLOUT;;

154;SUPERMERCADOS;WALMART;LIDER;WALMART;;720;GM E-COMMERCE PUDAHUEL (L.720);ECOMMERCE;CLUSTER 4;13 - METROPOLITANA;SANTIAGO;PUDAHUEL;GRAN STGO. Z3A;NO ASIGNADO;NO ASIGNADO;NO ASIGNADO;NO ASIGNADO;1;-33.4369287;-70.7469639;OHIGGINS 101;NO DEFINIDO;0;NO DEFINIDO;SELLOUT;;

155;SUPERMERCADOS;WALMART;LIDER;WALMART;;748;HI - RENCA MIRAFLORES;HIPER;NO DEFINIDO;13 - METROPOLITANA;SANTIAGO;SANTIAGO;NO INFORMADO;NO ASIGNADO;JAIME VERA;NO ASIGNADO;NO ASIGNADO;1;-33.4000826;-70.7587433;AV. MIRAFLORES 8702.;NO DEFINIDO;0;NO DEFINIDO;SELLOUT;;

156;SUPERMERCADOS;WALMART;LIDER;WALMART;;182;HI - BUIN;HIPER;NO DEFINIDO;13 - METROPOLITANA;BUIN;BUIN;NO INFORMADO;NO ASIGNADO;JAIME VERA;NO ASIGNADO;NO ASIGNADO;1;-33.7351918;-70.746397;MAIPÚ 923;NO DEFINIDO;0;NO DEFINIDO;SELLOUT;;

157;SUPERMERCADOS;WALMART;LIDER;WALMART;;690;HI - PUDAHUEL TENIENTE CRUZ;HIPER;NO DEFINIDO;13 - METROPOLITANA;SANTIAGO;PUDAHUEL;NO INFORMADO;NO ASIGNADO;JAIME VERA;NO ASIGNADO;NO ASIGNADO;1;-33.4369287;-70.7425862;SAN FRANCISCO 8408;NO DEFINIDO;0;NO DEFINIDO;SELLOUT;;

158;SUPERMERCADOS;WALMART;LIDER;WALMART;;739;HI - MAIPU CAMINO A MELIPI;HIPER;NO DEFINIDO;13 - METROPOLITANA;SANTIAGO;MAIPÚ;NO INFORMADO;NO ASIGNADO;JAIME VERA;NO ASIGNADO;NO ASIGNADO;1;-33.5411678;-70.7679992;LIDER SAN IGNACIO 1624, PADRE HURTADO, REGIÓN METROPOLITANA;NO DEFINIDO;0;NO DEFINIDO;SELLOUT;;

159;SUPERMERCADOS;WALMART;LIDER;WALMART;;679;HI - IQUIQUE SUR;HIPER;NO DEFINIDO;01 - TARAPACÁ;IQUIQUE;IQUIQUE;NO INFORMADO;NO ASIGNADO;NO ASIGNADO;NO ASIGNADO;NO ASIGNADO;1;0;0;SANTA BEATRIZ 44;NO DEFINIDO;0;NO DEFINIDO;SELLOUT;;

160;SUPERMERCADOS;WALMART;LIDER;WALMART;;518;HI - VALPARAISO (AV. ARGENTINA);HIPER;NO DEFINIDO;05 - VALPARAÍSO;VALPARAÍSO;VALPARAÍSO;NO INFORMADO;NO ASIGNADO;NO ASIGNADO;NO ASIGNADO;NO ASIGNADO;1;-33.0506688;-71.6027809;AV. ARGENTINA 540;NO DEFINIDO;0;NO DEFINIDO;SELLOUT;;

191;SUPERMERCADOS;WALMART;LIDER;WALMART;;4;EX - VITACURA;EXPRESS;CLUSTER 4;13 - METROPOLITANA;SANTIAGO;VITACURA;GRAN STGO. Z2B;NO ASIGNADO;NO ASIGNADO;NO ASIGNADO;NO ASIGNADO;1;-33.3994114;-70.5907141;LIDER BUENAVENTURA 1770, VITACURA, REGIÓN METROPOLITANA;NO DEFINIDO;0;NO DEFINIDO;SELLOUT;;

192;SUPERMERCADOS;WALMART;LIDER;WALMART;;51;EX - TOBALABA;EXPRESS;CLUSTER 4;13 - METROPOLITANA;SANTIAGO;PROVIDENCIA;GRAN STGO. Z2A;NO ASIGNADO;NO ASIGNADO;NO ASIGNADO;NO ASIGNADO;1;-33.4229419;-70.5967088;LAS CAMELIAS 2875;NO DEFINIDO;0;NO DEFINIDO;SELLOUT;;

193;SUPERMERCADOS;WALMART;LIDER;WALMART;;52;EX - GRECIA;EXPRESS;CLUSTER 4;13 - METROPOLITANA;SANTIAGO;ÑUÑOA;GRAN STGO. Z2A;NO ASIGNADO;NO ASIGNADO;NO ASIGNADO;NO ASIGNADO;1;-33.4557721;-70.6271818;EXPRESS DE LIDER GRECIA AV. GRECIA 245,ÑUÑOA, REGIÓN METROPOLITANA;NO DEFINIDO;0;NO DEFINIDO;SELLOUT;;

194;SUPERMERCADOS;WALMART;LIDER;WALMART;;60;EX - LATADIA;EXPRESS;CLUSTER 4;13 - METROPOLITANA;SANTIAGO;LAS CONDES;GRAN STGO. Z2B;NO ASIGNADO;NO ASIGNADO;NO ASIGNADO;NO ASIGNADO;1;-33.4328886;-70.5776209;AV. AMÉRICO VESPUCIO SUR N° 1790;NO DEFINIDO;0;NO DEFINIDO;SELLOUT;;

195;SUPERMERCADOS;WALMART;LIDER;WALMART;;64;EX - APOQUINDO;EXPRESS;CLUSTER 4;13 - METROPOLITANA;SANTIAGO;LAS CONDES;GRAN STGO. Z2B;NO ASIGNADO;NO ASIGNADO;NO ASIGNADO;NO ASIGNADO;1;-33.4085209;-70.570286417;LIDER AV. APOQUINDO 6060, LAS CONDES, REGIÓN METROPOLITANA;NO DEFINIDO;0;NO DEFINIDO;SELLOUT;;

196;SUPERMERCADOS;WALMART;LIDER;WALMART;;65;EX - PLAZA ITALIA;EXPRESS;CLUSTER 4;13 - METROPOLITANA;SANTIAGO;PROVIDENCIA;GRAN STGO. Z2A;NO ASIGNADO;NO ASIGNADO;NO ASIGNADO;NO ASIGNADO;1;-33.4387809;-70.631961714;LIDER RANCAGUA 180, SANTIAGO, PROVIDENCIA, REGIÓN METROPOLITANA;NO DEFINIDO;0;NO DEFINIDO;SELLOUT;;

197;SUPERMERCADOS;WALMART;LIDER;WALMART;;124;EX - HUERFANOS;EXPRESS;CLUSTER 4;13 - METROPOLITANA;SANTIAGO;SANTIAGO;GRAN STGO. Z1 CENTRO;NO ASIGNADO;NO ASIGNADO;NO ASIGNADO;NO ASIGNADO;1;-33.4393659;-70.650826617;EXPRESS DE LIDER HUÉRFANOS 827, SANTIAGO, REGIÓN METROPOLITANA;NO DEFINIDO;0;NO DEFINIDO;SELLOUT;;

198;SUPERMERCADOS;WALMART;LIDER;WALMART;;139;EX - PIEDRA ROJA;EXPRESS;CLUSTER 4;13 - METROPOLITANA;COLINA;COLINA;GRAN SANTIAGO ALREDEDORES;NO ASIGNADO;NO ASIGNADO;NO ASIGNADO;NO ASIGNADO;1;-33.2770724;-70.628802919;EXPRESS DE LIDER AV.CHICUREO SECTOR LAGUNA PIEDRA ROJA, COLINA, REGIÓN METROPOLITANA;NO DEFINIDO;0;NO DEFINIDO;SELLOUT;;

199;SUPERMERCADOS;WALMART;LIDER;WALMART;;180;EX - IRARRAZABAL ÑUÑOA;EXPRESS;CLUSTER 4;13 - METROPOLITANA;SANTIAGO;ÑUÑOA;GRAN STGO. Z2A;NO ASIGNADO;NO ASIGNADO;NO ASIGNADO;NO ASIGNADO;1;-33.4537556;-70.605544717;EXPRESS DE LIDER IRARRÁZAVAL 2401, ?U?OA, REGIÓN METROPOLITANA;NO DEFINIDO;0;NO DEFINIDO;SELLOUT;;

200;SUPERMERCADOS;WALMART;LIDER;WALMART;;189;EX - SALVADOR ÑUÑOA;EXPRESS;CLUSTER 4;13 - METROPOLITANA;SANTIAGO;ÑUÑOA;GRAN STGO. Z2A;NO ASIGNADO;NO ASIGNADO;NO ASIGNADO;NO ASIGNADO;1;-33.4497321;-70.623535317;EXPRESS DE LIDER AV. SALVADOR 1822, ?U?OA, REGIÓN METROPOLITANA;NO DEFINIDO;0;NO DEFINIDO;SELLOUT;;

201;MAYORISTAS;WALMART;ACUENTA;WALMART;;511;BA - VIVACETA;ACUENTA;CLUSTER 4;13 - METROPOLITANA;SANTIAGO;INDEPENDENCIA;GRAN STGO. Z3B;NO ASIGNADO;NO ASIGNADO;NO ASIGNADO;NO ASIGNADO;1;-33.4228264;-70.6627391;BODEGA ACUENTA VIVACETA AV. FERMÍN VIVACETA 827, SANTIAGO, INDEPENDENCIA, REGIÓN METROPOLITANA;NO DEFINIDO;0;NO DEFINIDO;SELLOUT;;

202;SUPERMERCADOS;WALMART;LIDER;WALMART;;603;EX - CONSISTORIAL;EXPRESS;CLUSTER 4;13 - METROPOLITANA;SANTIAGO;PEÑALOLÉN;GRAN STGO. Z5B;NO ASIGNADO;NO ASIGNADO;NO ASIGNADO;NO ASIGNADO;1;-33.4875501;-70.551684317;EXPRESS DE LIDER AV. CONSISTORIAL 3349, PENALOLEN, PE?ALOLÉN, REGIÓN METROPOLITANA;NO DEFINIDO;0;NO DEFINIDO;SELLOUT;;

203;SUPERMERCADOS;WALMART;LIDER;WALMART;;611;EX - ROJAS MAGALLANES;EXPRESS;CLUSTER 4;13 - METROPOLITANA;SANTIAGO;LA FLORIDA;GRAN STGO. Z5C;NO ASIGNADO;NO ASIGNADO;NO ASIGNADO;NO ASIGNADO;1;-33.5343779;-70.5561073;LIDER MARIANO SÁNCHEZ FONTECILLA 8968, LA FLORIDA, REGIÓN METROPOLITANA;NO DEFINIDO;0;NO DEFINIDO;SELLOUT;;

204;SUPERMERCADOS;WALMART;LIDER;WALMART;;621;EX - MERCED;EXPRESS;CLUSTER 4;13 - METROPOLITANA;SANTIAGO;SANTIAGO;GRAN STGO. Z1 CENTRO;NO ASIGNADO;NO ASIGNADO;NO ASIGNADO;NO ASIGNADO;1;-33.4379427;-70.647040817;EXPRESS DE LIDER MERCED 560, SANTIAGO, REGIÓN METROPOLITANA;NO DEFINIDO;0;NO DEFINIDO;SELLOUT;;

205;SUPERMERCADOS;WALMART;LIDER;WALMART;;624;EX - LA PLAZA;EXPRESS;CLUSTER 4;13 - METROPOLITANA;SANTIAGO;LAS CONDES;GRAN STGO. Z2B;NO ASIGNADO;NO ASIGNADO;NO ASIGNADO;NO ASIGNADO;1;-33.3901522;-70.501126717;EXPRESS DE LIDER AV PLAZA 590, LAS CONDES, REGIÓN METROPOLITANA;NO DEFINIDO;0;NO DEFINIDO;SELLOUT;;

206;SUPERMERCADOS;WALMART;LIDER;WALMART;;674;EX - PEDRO FONTOVA;EXPRESS;CLUSTER 4;13 - METROPOLITANA;SANTIAGO;HUECHURABA;GRAN STGO. Z3B;NO ASIGNADO;NO ASIGNADO;NO ASIGNADO;NO ASIGNADO;1;-33.3531313;-70.66989619;EXPRESS DE LIDER 7387, ANTUHUENU 7309, HUECHURABA, REGIÓN METROPOLITANA;NO DEFINIDO;0;NO DEFINIDO;SELLOUT;;

207;SUPERMERCADOS;WALMART;LIDER;WALMART;;647;EX - MAITENCILLO;EXPRESS;CLUSTER 4;05 - VALPARAÍSO;PUCHUNCAVI;PUCHUNCAVÍ;VIÑA/VALPARAISO;NO ASIGNADO;NO ASIGNADO;NO ASIGNADO;NO ASIGNADO;1;-32.6447429;-71.4255195;LIDER F-30-E, PUCHUNCAVI, PUCHUNCAVÍ, ZAPALLAR, REGIÓN DE VALPARAÍSO;NO DEFINIDO;0;NO DEFINIDO;SELLOUT;;

208;SUPERMERCADOS;WALMART;LIDER;WALMART;;650;EX - ALGARROBO;EXPRESS;CLUSTER 4;05 - VALPARAÍSO;ALGARROBO;ALGARROBO;VIÑA/VALPARAISO;NO ASIGNADO;NO ASIGNADO;NO ASIGNADO;NO ASIGNADO;1;-33.3693235;-71.671553417;EXPRESS DE LIDER AV DR GUILLERMO MUCKE 701, ALGARROBO, REGIÓN DE VALPARAÍSO;NO DEFINIDO;0;NO DEFINIDO;SELLOUT;;

209;SUPERMERCADOS;WALMART;LIDER;WALMART;;129;EX - PUERTO VARAS;EXPRESS;CLUSTER 4;10 - LOS LAGOS;PUERTO VARAS;PUERTO VARAS;OSORNO/VALDIVIA/PUERTO MONTT;NO ASIGNADO;NO ASIGNADO;NO ASIGNADO;NO ASIGNADO;1;-41.3172334;-72.9937156;LIDER AV. GRAMADO 565, PUERTO VARAS, REGIÓN DE LOS LAGOS;NO DEFINIDO;0;NO DEFINIDO;SELLOUT;;

210;SUPERMERCADOS;WALMART;LIDER;WALMART;;524;EX - EX OSORNO;EXPRESS;CLUSTER 4;10 - LOS LAGOS;OSORNO;OSORNO;OSORNO/VALDIVIA/PUERTO MONTT;NO ASIGNADO;NO ASIGNADO;NO ASIGNADO;NO ASIGNADO;1;-40.5866698;0;CRISTÓBAL COLÓN 890;NO DEFINIDO;0;NO DEFINIDO;SELLOUT;;

211;SUPERMERCADOS;WALMART;LIDER;WALMART;;658;EX - PUERTO VARAS 2;EXPRESS;CLUSTER 4;10 - LOS LAGOS;PUERTO VARAS;PUERTO VARAS;OSORNO/VALDIVIA/PUERTO MONTT;NO ASIGNADO;NO ASIGNADO;NO ASIGNADO;NO ASIGNADO;1;-41.3195125;-72.9859159;SAN FRANCISCO 660;NO DEFINIDO;0;NO DEFINIDO;SELLOUT;;

212;SUPERMERCADOS;WALMART;LIDER;WALMART;;681;EX - PUCON;EXPRESS;CLUSTER 4;09 - LA ARAUCANIA;PUCON;PUCÓN;TEMUCO;NO ASIGNADO;NO ASIGNADO;NO ASIGNADO;NO ASIGNADO;1;-34.1595551;-70.8056924;PJE. LAS ROSAS 635;NO DEFINIDO;0;NO DEFINIDO;SELLOUT;;

213;SUPERMERCADOS;WALMART;LIDER;WALMART;;514;EX - MACHALI;EXPRESS;CLUSTER 4;06 - OHIGGINS;MACHALI;MACHALÍ;RANCAGUA/MACHALI/SAN FERN.;NO ASIGNADO;NO ASIGNADO;NO ASIGNADO;NO ASIGNADO;1;-34.16836910868968;-70.66517495358009;AV SAN JUAN 2184;NO DEFINIDO;0;NO DEFINIDO;SELLOUT;;

214;SUPERMERCADOS;WALMART;LIDER;WALMART;;689;EX - SAN MARTIN;EXPRESS;CLUSTER 4;13 - METROPOLITANA;SANTIAGO;SANTIAGO;NO INFORMADO;NO ASIGNADO;NO ASIGNADO;NO ASIGNADO;NO ASIGNADO;1;-33.4457601;-70.6571835;SAN MARTIN 37;NO DEFINIDO;0;NO DEFINIDO;SELLOUT;;

215;SUPERMERCADOS;WALMART;LIDER;WALMART;;1;EX - LYON;EXPRESS;CLUSTER 4;13 - METROPOLITANA;SANTIAGO;PROVIDENCIA;GRAN STGO. Z2A;NO ASIGNADO;NO ASIGNADO;NO ASIGNADO;NO ASIGNADO;1;-33.424715;-70.6065783;NUEVA PROVIDENCIA 2211;NO DEFINIDO;0;NO DEFINIDO;SELLOUT;;

216;SUPERMERCADOS;WALMART;LIDER;WALMART;;177;EX - ANTOFAGASTA PEREZ ZUJ;EXPRESS;NO DEFINIDO;02 - ANTOFAGASTA;ANTOFAGASTA;ANTOFAGASTA;NO INFORMADO;NO ASIGNADO;NO ASIGNADO;NO ASIGNADO;NO ASIGNADO;1;-23.6198672;-70.3918435;AV. EDMUNDO PÉREZ ZUJOVIC 5140;NO DEFINIDO;0;NO DEFINIDO;SELLOUT;;

217;SUPERMERCADOS;WALMART;LIDER;WALMART;;165;EX - ÑUÑOA PLAZA EGANA;EXPRESS;NO DEFINIDO;13 - METROPOLITANA;SANTIAGO;ÑUÑOA;NO INFORMADO;NO ASIGNADO;NO ASIGNADO;NO ASIGNADO;NO ASIGNADO;1;-33.4554985;-70.5748379;AV. AMÉRICO VESPUCIO SUR N° 881;NO DEFINIDO;0;NO DEFINIDO;SELLOUT;;

218;SUPERMERCADOS;WALMART;LIDER;WALMART;;635;ARICA - PEDRO MONTT;NO DEFINIDO;NO DEFINIDO;15 - ARICA Y PARINACOTA;ARICA;ARICA;ARICA/IQUIQUE;NO ASIGNADO;NO ASIGNADO;NO ASIGNADO;NO ASIGNADO;1;-18.470122;-70.3089737;LIDER PEDRO MONTT ESQUINA DIEGO PORTALES S/N, ARICA;NO DEFINIDO;0;NO DEFINIDO;SELLOUT;;

219;SUPERMERCADOS;WALMART;LIDER;WALMART;;736;HI - PENAFLOR (BALMACEDA);HIPER;NO DEFINIDO;NO DEFINIDO;PEÑAFLOR;NO DEFINIDO;NO INFORMADO;NO ASIGNADO;NO ASIGNADO;NO ASIGNADO;NO ASIGNADO;1;-33.6088082;-70.8583242;LIDER BALMACEDA 750, PENAFLOR, PE?AFLOR, REGIÓN METROPOLITANA;NO DEFINIDO;0;NO DEFINIDO;SELLOUT;;

220;SUPERMERCADOS;WALMART;LIDER;WALMART;;699;EX - EX SANTA ROSA;EXPRESS;CLUSTER 4;13 - METROPOLITANA;SANTIAGO;SANTIAGO;GRAN STGO. Z1 CENTRO;NO ASIGNADO;NO ASIGNADO;NO ASIGNADO;NO ASIGNADO;1;-33.4455145;-70.6479122;LIDER AV. STA. ROSA 115, SANTIAGO, REGIÓN METROPOLITANA;NO DEFINIDO;0;NO DEFINIDO;SELLOUT;;

221;SUPERMERCADOS;WALMART;CENTRAL MAYORISTA;WALMART;;513;CM TALCA;CENTRAL MAYORISTA;NO DEFINIDO;07 - MAULE;TALCA;TALCA;NO INFORMADO;NO ASIGNADO;NO ASIGNADO;NO ASIGNADO;NO ASIGNADO;1;-35.4226035;-71.6363137; VEINTEOTE 1711-1875, TALCA, REGIÓN DEL MAULE.;NO DEFINIDO;0;NO DEFINIDO;SELLOUT;;

222;SUPERMERCADOS;WALMART;LIDER;WALMART;;516;EX CONCEPCION (BELLAVISTA);EXPRESS;NO DEFINIDO;08 - BIO BIO;CONCEPCIÓN;NO DEFINIDO;NO INFORMADO;NO ASIGNADO;NO ASIGNADO;NO ASIGNADO;NO ASIGNADO;1;-33.3992357;-70.575631;CONCEPCION (BELLAVISTA). SANTIAGO;NO DEFINIDO;0;NO DEFINIDO;SELLOUT;;

223;SUPERMERCADOS;CENCOSUD;JUMBO;CENCOSUD;;J989;JUMBO - INDEPENDENCIA;JUMBO;NO DEFINIDO;13 - METROPOLITANA;SANTIAGO;INDEPENDENCIA;NO INFORMADO;NO ASIGNADO;NO ASIGNADO;NO ASIGNADO;NO ASIGNADO;1;-33.42480237834585;-70.654704146759;ECHEVERRIA 971. INDEPENDENCIA;NO DEFINIDO;0;NO DEFINIDO;SELLOUT;;

224;SUPERMERCADOS;CENCOSUD;JUMBO;CENCOSUD;;J988;JUMBO - PUERTAS DE CHICUREO;JUMBO;NO DEFINIDO;13 - METROPOLITANA;SANTIAGO;COLINA;NO DEFINIDO;NO ASIGNADO;NO ASIGNADO;NO ASIGNADO;NO ASIGNADO;1;-33.286556371914486;-70.70071924477816;AVENIDA CAMINO CHICUREO ESQ. AUTOPISTA;NO DEFINIDO;0;NO DEFINIDO;SELLOUT;;

225;SUPERMERCADOS;CENCOSUD;JUMBO;CENCOSUD;;J817;JUMBO - ANTOFAGASTA SUR;JUMBO;NO DEFINIDO;02 - ANTOFAGASTA;ANTOFAGASTA;ANTOFAGASTA;ANTOFAGASTA;NO ASIGNADO;NO ASIGNADO;NO ASIGNADO;NO ASIGNADO;1;-23.6676194;-70.4072121;JUMBO ANTOFAGASTA AV. ANGAMOS 745, ANTOFAGASTA, REGIÓN DE ANTOFAGASTA;NO DEFINIDO;0;NO DEFINIDO;SELLOUT;;

226;SUPERMERCADOS;WALMART;LIDER;WALMART;;988;HI - CALAMA GRECIA;HIPER;NO DEFINIDO;02 - ANTOFAGASTA;CALAMA;CALAMA;ANTOFAGASTA/CALAMA;NO ASIGNADO;NO ASIGNADO;NO ASIGNADO;NO ASIGNADO;1;-22.4642369;0;HI - CALAMA GRECIA;NO DEFINIDO;0;NO DEFINIDO;SELLOUT;;

227;SUPERMERCADOS;CENCOSUD;JUMBO;CENCOSUD;;J619;JUMBO - ARICA;JUMBO;NO DEFINIDO;15 - ARICA Y PARINACOTA;ARICA;ARICA;NO DEFINIDO;NO ASIGNADO;NO ASIGNADO;NO ASIGNADO;NO ASIGNADO;1;-23.6676194;-70.3092834;JUMBO AV. DIEGO PORTALES 161, ARICA, REGIÓN DE ARICA Y PARINACOTA;NO DEFINIDO;0;NO DEFINIDO;SELLOUT;;

228;SUPERMERCADOS;WALMART;LIDER;WALMART;;56;EX - GRAN AVENIDA;EXPRESS;CLUSTER 4;13 - METROPOLITANA;SANTIAGO;SAN MIGUEL;GRAN STGO. Z4B;NO ASIGNADO;NO ASIGNADO;NO ASIGNADO;NO ASIGNADO;1;-33.49120583480891;-70.65029881764268;LIDER GRAN AVENIDA JOSE MIGUEL CARRERA 6150, SAN MIGUEL, REGIÓN METROPOLITANA;NO DEFINIDO;0;NO DEFINIDO;SELLOUT;;

229;SUPERMERCADOS;WALMART;LIDER;WALMART;;140;EX - LAS REJAS;EXPRESS;CLUSTER 4;13 - METROPOLITANA;SANTIAGO;ESTACIÓN CENTRAL;GRAN STGO. Z6B;NO ASIGNADO;NO ASIGNADO;NO ASIGNADO;NO ASIGNADO;1;-33.4567993;-70.707490517;EXPRESS DE LIDER AV LIBERTADOR BERNARDO O'HIGGINS 5199, LO PRADO, ESTACIÓN CENTRAL, REGIÓN METROPOLITANA;NO DEFINIDO;0;NO DEFINIDO;SELLOUT;;

230;SUPERMERCADOS;WALMART;LIDER;WALMART;;149;EX - COLINA;EXPRESS;CLUSTER 4;13 - METROPOLITANA;COLINA;COLINA;GRAN SANTIAGO ALREDEDORES;NO ASIGNADO;NO ASIGNADO;NO ASIGNADO;NO ASIGNADO;1;-33.2182407;-70.687652517;LIDER EXPRESS GRAL SAN MARTÍN 1120, COLINA, REGIÓN METROPOLITANA;NO DEFINIDO;0;NO DEFINIDO;SELLOUT;;

231;SUPERMERCADOS;WALMART;LIDER;WALMART;;613;EX - CIUDAD DEL ESTE;EXPRESS;CLUSTER 4;13 - METROPOLITANA;SANTIAGO;PUENTE ALTO;GRAN STGO. Z5C;NO ASIGNADO;NO ASIGNADO;NO ASIGNADO;NO ASIGNADO;1;-33.5598383;-70.553464217;EXPRESS DE LIDER AV. PARQUE DEL ESTE 4480, PUENTE ALTO, REGIÓN METROPOLITANA;NO DEFINIDO;0;NO DEFINIDO;SELLOUT;;

232;SUPERMERCADOS;WALMART;LIDER;WALMART;;640;EX - 10 DE JULIO;EXPRESS;CLUSTER 4;13 - METROPOLITANA;SANTIAGO;SANTIAGO;GRAN STGO. Z1 CENTRO;NO ASIGNADO;NO ASIGNADO;NO ASIGNADO;NO ASIGNADO;1;-33.4541868;-70.659372217;EXPRESS DE LIDER AV. 10 DE JULIO HUAMACHUCO 1625, SANTIAGO, REGIÓN METROPOLITANA;NO DEFINIDO;0;NO DEFINIDO;SELLOUT;;

233;SUPERMERCADOS;WALMART;LIDER;WALMART;;605;EX - LA SERENA 2;EXPRESS;CLUSTER 4;04 - COQUIMBO;LA SERENA;LA SERENA;SERENA/COQUIMBO;NO ASIGNADO;NO ASIGNADO;NO ASIGNADO;NO ASIGNADO;1;-29.924064;-71.2534541;BALMACEDA 2154;NO DEFINIDO;0;NO DEFINIDO;SELLOUT;;

234;SUPERMERCADOS;WALMART;LIDER;WALMART;;195;EX - PUERTO MONTT BALMACEDA;EXPRESS;CLUSTER 4;10 - LOS LAGOS;PUERTO MONTT;PUERTO MONTT;OSORNO/VALDIVIA/PUERTO MONTT;NO ASIGNADO;NO ASIGNADO;NO ASIGNADO;NO ASIGNADO;1;-41.4713201;-72.9455147;BENAVENTE 690;NO DEFINIDO;0;NO DEFINIDO;SELLOUT;;

235;SUPERMERCADOS;WALMART;LIDER;WALMART;;612;EX - CHILLÁN;EXPRESS;CLUSTER 4;16 - ÑUBLE;CHILLÁN;CHILLÁN;LINARES/LOS ANGELES/CHILLAN;NO ASIGNADO;NO ASIGNADO;NO ASIGNADO;NO ASIGNADO;1;-36.6154503;-72.1078519;LIDER AV. COLLIN 698, CHILLAN, CHILLÁN, REGIÓN DEL BÍO BÍO;NO DEFINIDO;0;NO DEFINIDO;SELLOUT;;

236;SUPERMERCADOS;WALMART;LIDER;WALMART;;619;EX - PUERTO MONTT;EXPRESS;CLUSTER 4;10 - LOS LAGOS;PUERTO MONTT;PUERTO MONTT;OSORNO/VALDIVIA/PUERTO MONTT;NO ASIGNADO;NO ASIGNADO;NO ASIGNADO;NO ASIGNADO;1;-41.4556248;-72.9362752;MONSEÑOR RAMON MUNITA 1625;NO DEFINIDO;0;NO DEFINIDO;SELLOUT;;

237;SUPERMERCADOS;WALMART;LIDER;WALMART;;646;EX - SN PEDRO;EXPRESS;CLUSTER 4;08 - BIO BIO;CONCEPCIÓN;SAN PEDRO DE LA PAZ;CONCEPCION/TALCAHUANO;NO ASIGNADO;NO ASIGNADO;NO ASIGNADO;NO ASIGNADO;1;-36.84652519999999;-73.11673339999999;AV. LAGUNA GRANDE 1150;NO DEFINIDO;0;NO DEFINIDO;SELLOUT;;

238;SUPERMERCADOS;WALMART;LIDER;WALMART;;680;EX - VILLARRICA;EXPRESS;CLUSTER 4;09 - LA ARAUCANIA;VILLARRICA;VILLARRICA;TEMUCO;NO ASIGNADO;NO ASIGNADO;NO ASIGNADO;NO ASIGNADO;1;-33.3993287;-70.5758068;SATURNINO EPULEF 1328;NO DEFINIDO;0;NO DEFINIDO;SELLOUT;;

239;SUPERMERCADOS;WALMART;LIDER;WALMART;;627;EX - SAN VICENTE;EXPRESS;CLUSTER 4;06 - OHIGGINS;SAN VICENTE;SAN VICENTE;RANCAGUA/MACHALI/SAN FERN.;NO ASIGNADO;NO ASIGNADO;NO ASIGNADO;NO ASIGNADO;1;-34.4407943;-71.07344690000002;GERMAN RIESCO 510;NO DEFINIDO;0;NO DEFINIDO;SELLOUT;;

240;SUPERMERCADOS;WALMART;LIDER;WALMART;;764;EX TALCA (LAS RASTRAS);EXPRESS;NO DEFINIDO;07 - MAULE;TALCA;TALCA;NO INFORMADO;NO ASIGNADO;NO ASIGNADO;NO ASIGNADO;NO ASIGNADO;1;-35.43204891485341;-71.60844900929993;K-55 14;NO DEFINIDO;0;NO DEFINIDO;SELLOUT;;

241;SUPERMERCADOS;WALMART;LIDER;WALMART;;937;EX - COQUIMBO EL AMANECER;EXPRESS;NO DEFINIDO;04 - COQUIMBO;COQUIMBO;COQUIMBO;NO DEFINIDO;NO ASIGNADO;NO ASIGNADO;NO ASIGNADO;NO ASIGNADO;1;-29.9670034;-71.3347113;LIDER DOMEYKO 55, COQUIMBO, REGIÓN DE COQUIMBO;NO DEFINIDO;0;NO DEFINIDO;SELLOUT;;

243;SUPERMERCADOS;WALMART;LIDER;WALMART;;657;EX - CASTRO;EXPRESS;CLUSTER 4;10 - LOS LAGOS;CASTRO;CASTRO;OSORNO/VALDIVIA/PUERTO MONTT;NO ASIGNADO;NO ASIGNADO;NO ASIGNADO;NO ASIGNADO;1;-42.4798598;-73.7637819;IGNACIO SERRANO;NO DEFINIDO;0;NO DEFINIDO;SELLOUT;;

244;SUPERMERCADOS;CENCOSUD;JUMBO;CENCOSUD;;N641;CD LO AGUIRRE;CD;NO INFORMADO;13 - METROPOLITANA;SANTIAGO;PUDAHUEL;GRAN STGO. Z3A;NO ASIGNADO;NO ASIGNADO;NO ASIGNADO;NO ASIGNADO;1;0;0;LO AGUIRRE. SANTIAGO;NO DEFINIDO;0;NO DEFINIDO;SELLOUT;;

245;SUPERMERCADOS;WALMART;LIDER;WALMART;;747;HI - CON CON MANANTIALES;HIPER;NO DEFINIDO;NO DEFINIDO;NO DEFINIDO;NO DEFINIDO;NO DEFINIDO;NO ASIGNADO;NO ASIGNADO;NO ASIGNADO;NO ASIGNADO;1;-32.9321143;-71.5177757;NO DEFINIDO;NO DEFINIDO;0;NO DEFINIDO;SELLOUT;;

246;SUPERMERCADOS;WALMART;LIDER;WALMART;;945;HI - CHIGUAYANTE MANUEL ROD;HIPER;NO DEFINIDO;NO DEFINIDO;NO DEFINIDO;NO DEFINIDO;NO DEFINIDO;NO ASIGNADO;NO ASIGNADO;NO ASIGNADO;NO ASIGNADO;1;0;0;HI - CHIGUAYANTE MANUEL RODRIGUEZ;NO DEFINIDO;0;NO DEFINIDO;SELLOUT;1/29/2019;

247;SUPERMERCADOS;WALMART;LIDER;WALMART;;40;EX - VALPARAÍSO;EXPRESS;CLUSTER 4;05 - VALPARAÍSO;VALPARAÍSO;VALPARAÍSO;VIÑA/VALPARAISO;NO ASIGNADO;NO ASIGNADO;NO ASIGNADO;NO ASIGNADO;1;-33.0435159;-71.622264;EXPRESS DE LIDER BRASIL 1303, VALPARAÍSO, REGIÓN DE VALPARAÍSO;NO DEFINIDO;0;NO DEFINIDO;SELLOUT;3/26/2019;

248;SUPERMERCADOS;WALMART;LIDER;WALMART;;798;HI - SANTIAGO (SAN BERNARDO);HIPER;NO DEFINIDO;13 - METROPOLITANA;SANTIAGO;SAN BERNARDO;NO DEFINIDO;NO ASIGNADO;NO ASIGNADO;NO ASIGNADO;NO ASIGNADO;1;0;0;NO DEFINIDO;NO DEFINIDO;0;NO DEFINIDO;SELLOUT;5/7/2019;

249;SUPERMERCADOS;WALMART;LIDER;WALMART;;61;EX - MAIPU;EXPRESS;CLUSTER 4;13 - METROPOLITANA;SANTIAGO;SAN BERNARDO;GRAN STGO. Z6A;NO DEFINIDO;NO DEFINIDO;NO DEFINIDO;NO DEFINIDO;1;-33.5110929;-70.758183;AV.PADRE HURTADO 13694;NO DEFINIDO;0;NO DEFINIDO;SELLOUT;7/30/2019;

250;SUPERMERCADOS;WALMART;LIDER;WALMART;;963;EX - CIUDAD DE LOS VAL;EXPRESS;NO DEFINIDO;13 - METROPOLITANA;SANTIAGO;PUDAHUEL;NO DEFINIDO;NO DEFINIDO;NO DEFINIDO;NO DEFINIDO;NO DEFINIDO;1;-33.4480391;-70.8442348;NO DEFINIDO;NO DEFINIDO;0;NO DEFINIDO;SELLOUT;8/13/2019;

251;SUPERMERCADOS;WALMART;CENTRAL MAYORISTA;WALMART;;453;CM - CONCHALÍ;CENTRAL MAYORISTA;CLUSTER 4;13 - METROPOLITANA;SANTIAGO;CONCHALÍ;GRAN STGO. Z3B;NO DEFINIDO;NO DEFINIDO;NO DEFINIDO;NO DEFINIDO;1;-33.4020354;-70.6809756;CENTRAL MAYORISTA CATORCE DE LA FAMA 2841, CONCHALÍ, REGIÓN METROPOLITANA;NO DEFINIDO;0;NO DEFINIDO;SELLOUT;8/20/2019;

252;SUPERMERCADOS;WALMART;CENTRAL MAYORISTA;WALMART;;159;CM SAN LUIS DE MACUL;CENTRAL MAYORISTA;NO DEFINIDO;13 - METROPOLITANA;SANTIAGO;MACUL;NO INFORMADO;NO DEFINIDO;NO DEFINIDO;NO DEFINIDO;NO DEFINIDO;1;-33.5073296;-70.5913254;CENTRAL MAYORISTA SAN LUIS DE MACÚL 4335, PENALOLEN, PEÑALOLÉN, REGIÓN METROPOLITANA;NO DEFINIDO;0;NO DEFINIDO;SELLOUT;8/20/2019;

253;SUPERMERCADOS;WALMART;CENTRAL MAYORISTA;WALMART;;11;CM - PUENTE ALTO;CENTRAL MAYORISTA;CLUSTER 4;13 - METROPOLITANA;SANTIAGO;PUENTE ALTO;GRAN STGO. Z5C;NO DEFINIDO;NO DEFINIDO;NO DEFINIDO;NO DEFINIDO;1;-33.6138716;-70.5791065;Ramon Nanez 36;NO DEFINIDO;0;NO DEFINIDO;SELLOUT;8/20/2019;

254;SUPERMERCADOS;WALMART;CENTRAL MAYORISTA;WALMART;;939;CM CERRILLOS (VELASQUE);CENTRAL MAYORISTA;NO DEFINIDO;13 - METROPOLITANA;SANTIAGO;SANTIAGO;NO INFORMADO;NO DEFINIDO;NO DEFINIDO;NO DEFINIDO;NO DEFINIDO;1;-33.4422562;-70.7238124;Central mayorista Av. Américo Vespucio 2500, Los Cerrillos, Cerrillos, Región Metropolitana;NO DEFINIDO;0;NO DEFINIDO;SELLOUT;8/20/2019;

255;SUPERMERCADOS;WALMART;CENTRAL MAYORISTA;WALMART;;871;CM SAN BERNARDO (PADRE HURTADO);CENTRAL MAYORISTA;NO DEFINIDO;13 - METROPOLITANA;SANTIAGO;SAN BERNARDO;NO INFORMADO;NO DEFINIDO;NO DEFINIDO;NO DEFINIDO;NO DEFINIDO;1;-33.5992248;-70.68121810000002;PADRE HURTADO;NO DEFINIDO;0;NO DEFINIDO;SELLOUT;8/20/2019;

256;SUPERMERCADOS;WALMART;CENTRAL MAYORISTA;WALMART;;776;CM - CM SANTO TOMAS (LA PINTANA);CENTRAL MAYORISTA;NO DEFINIDO;13 - METROPOLITANA;SANTIAGO;SANTIAGO;NO INFORMADO;NO DEFINIDO;NO DEFINIDO;NO DEFINIDO;NO DEFINIDO;1;-33.5616402;-70.63039459999999;CM - CM SANTO TOMAS (LA PINTANA);NO DEFINIDO;0;NO DEFINIDO;SELLOUT;8/20/2019;

257;SUPERMERCADOS;WALMART;CENTRAL MAYORISTA;WALMART;;959;CM - QUILPUE EL BELLOTO;CENTRAL MAYORISTA;NO DEFINIDO;05 - VALPARAÍSO;QUILPUE;QUILPUE;NO DEFINIDO;NO DEFINIDO;NO DEFINIDO;NO DEFINIDO;NO DEFINIDO;1;0;0;HI - QUILPUE EL BELLOTO;NO DEFINIDO;0;NO DEFINIDO;SELLOUT;8/20/2019;

258;SUPERMERCADOS;WALMART;CENTRAL MAYORISTA;WALMART;;982;CM - RANCAGUA OHIGGINS;CENTRAL MAYORISTA;NO DEFINIDO;06 - OHIGGINS;RANCAGUA;RANCAGUA;NO DEFINIDO;NO DEFINIDO;NO DEFINIDO;NO DEFINIDO;NO DEFINIDO;1;0;0;NO DEFINIDO;NO DEFINIDO;0;NO DEFINIDO;SELLOUT;8/20/2019;

266;SUPERMERCADOS;WALMART;CENTRAL MAYORISTA;WALMART;;977;CM - PUDAHUEL SAN PABLO;CENTRAL MAYORISTA;NO DEFINIDO;13 - METROPOLITANA;SANTIAGO;PUDAHUEL;NO DEFINIDO;NO ASIGNADO;NO ASIGNADO;NO ASIGNADO;NO ASIGNADO;1;0;0;CM - PUDAHUEL SAN PABLO;NO DEFINIDO;0;NO DEFINIDO;SELLOUT;8/27/2019;

267;MAYORISTAS;WALMART;ACUENTA;WALMART;;751;BA - MOSTAZAL;ACUENTA;NO DEFINIDO;06 - OHIGGINS;MOSTAZAL;MOSTAZAL;NO INFORMADO;NO ASIGNADO;NO ASIGNADO;NO ASIGNADO;NO ASIGNADO;1;-33.978453;-70.71098219999999;ARTURO PRAT  70;NO DEFINIDO;0;NO DEFINIDO;SELLOUT;11/12/2019;

268;MAYORISTAS;WALMART;ACUENTA;WALMART;;751;BA - MOSTAZAL;ACUENTA;NO DEFINIDO;06 - OHIGGINS;MOSTAZAL;MOSTAZAL;NO INFORMADO;NO ASIGNADO;NO ASIGNADO;NO ASIGNADO;NO ASIGNADO;2;-33.978453;-70.71098219999999;ARTURO PRAT  70;NO DEFINIDO;0;NO DEFINIDO;SELLOUT;11/12/2019;

269;MAYORISTAS;WALMART;ACUENTA;WALMART;;787;BA CURANILAHUE (OHIGGINS);ACUENTA;NO DEFINIDO;06 - OHIGGINS;CURANILAHUE;CURANILAHUE;NO DEFINIDO;NO ASIGNADO;NO ASIGNADO;NO ASIGNADO;NO ASIGNADO;1;-37.4677075;-73.35720479999998;BA CURANILAHUE (OHIGGINS);NO DEFINIDO;0;NO DEFINIDO;SELLOUT;1/28/2020;

270;SUPERMERCADOS;WALMART;CENTRAL MAYORISTA;WALMART;;970;CM - LA SERENA ( PUERTAS DEL MAR);CENTRAL MAYORISTA;NO DEFINIDO;04 - COQUIMBO;LA SERENA;LA SERENA;NO DEFINIDO;NO ASIGNADO;NO ASIGNADO;NO ASIGNADO;NO ASIGNADO;1;0;0;CM - LA SERENA ( PUERTAS DEL MAR);NO DEFINIDO;0;NO DEFINIDO;SELLOUT;2/11/2020;

271;SUPERMERCADOS;CENCOSUD;JUMBO;CENCOSUD;;J875;JUMB - 14 NORTE;JUMBO;NO DEFINIDO;05 - VALPARAÍSO;VIÑA DEL MAR;VIÑA DEL MAR;NO DEFINIDO;NO ASIGNADO;NO ASIGNADO;NO ASIGNADO;NO ASIGNADO;1;0;0;JUMBO - 14 NORTE 976;NO DEFINIDO;0;NO DEFINIDO;SELLOUT;2/18/2020;

272;SUPERMERCADOS;WALMART;LIDER;WALMART;;991;EX - LA SERENA - LAS PA;EXPRESS;NO DEFINIDO;04 - COQUIMBO;LA SERENA;LA SERENA;NO DEFINIDO;NO ASIGNADO;NO ASIGNADO;NO ASIGNADO;NO ASIGNADO;1;0;0;EX - LA SERENA - LAS PA;NO DEFINIDO;0;NO DEFINIDO;SELLOUT;3/17/2020;

273;SUPERMERCADOS;WALMART;LIDER;WALMART;;643;EX - MEXICO;EXPRESS;CLUSTER 4;13 - METROPOLITANA;SANTIAGO;PUENTE ALTO;GRAN STGO. Z5C;NO ASIGNADO;NO ASIGNADO;NO ASIGNADO;NO ASIGNADO;1;-33.5937491;-70.5615677;Lider Av. Mexico 1589, Puente Alto, Región Metropolitana;NO DEFINIDO;0;NO DEFINIDO;SELLOUT;3/19/2020;

274;SUPERMERCADOS;WALMART;LIDER;WALMART;;18;EX - MANUEL MONTT;EXPRESS;CLUSTER 4;13 - METROPOLITANA;SANTIAGO;PROVIDENCIA;GRAN STGO. Z2A;NO ASIGNADO;NO ASIGNADO;NO ASIGNADO;NO ASIGNADO;1;-33.3766761;-70.5690134;AV.BERNARDO O'HIGGINS 115;NO DEFINIDO;0;NO DEFINIDO;SELLOUT;3/26/2020;

275;SUPERMERCADOS;WALMART;LIDER;WALMART;;174;EX - ISABEL RIQUELME MAIPU;EXPRESS;CLUSTER 4;13 - METROPOLITANA;SANTIAGO;MAIPÚ;GRAN STGO. Z6A;NO ASIGNADO;NO ASIGNADO;NO ASIGNADO;NO ASIGNADO;1;-33.4852587;-70.7383753;EXPRESS DE LIDER AV, ISABEL RIQUELME SUR 1446, MAIPÚ, REGIÓN METROPOLITANA;NO DEFINIDO;0;NO DEFINIDO;SELLOUT;3/26/2020;

276;SUPERMERCADOS;WALMART;LIDER;WALMART;;525;EX - LAGUNA DEL SOL;EXPRESS;CLUSTER 4;13 - METROPOLITANA;SANTIAGO;PADRE HURTADO;GRAN SANTIAGO ALREDEDORES;NO ASIGNADO;NO ASIGNADO;NO ASIGNADO;NO ASIGNADO;1;-33.561583;-70.829643117;LIDER EXPRESS SAN IGNACIO 1624, PADRE HURTADO, REGIÓN METROPOLITANA;NO DEFINIDO;0;NO DEFINIDO;SELLOUT;3/26/2020;

277;SUPERMERCADOS;WALMART;LIDER;WALMART;;610;EX - NONATO COO;EXPRESS;CLUSTER 4;13 - METROPOLITANA;SANTIAGO;PUENTE ALTO;GRAN STGO. Z5C;NO ASIGNADO;NO ASIGNADO;NO ASIGNADO;NO ASIGNADO;1;-33.5805426;-70.57164917;EXPRESS DE LIDER AVENIDA, NONATO COO 3108, PUENTE ALTO, REGIÓN METROPOLITANA;NO DEFINIDO;0;NO DEFINIDO;SELLOUT;3/26/2020;

278;SUPERMERCADOS;WALMART;LIDER;WALMART;;656;EX - BUIN SAN MARTIN;EXPRESS;CLUSTER 4;13 - METROPOLITANA;BUIN;BUIN;GRAN SANTIAGO ALREDEDORES;NO ASIGNADO;NO ASIGNADO;NO ASIGNADO;NO ASIGNADO;1;-33.735537;-70.748196216;EXPRESS DE LIDER SAN MARTÍN 555, BUIN, REGIÓN METROPOLITANA;NO DEFINIDO;0;NO DEFINIDO;SELLOUT;3/26/2020;

279;SUPERMERCADOS;WALMART;LIDER;WALMART;;676;EX - SAN PABLO;EXPRESS;CLUSTER 4;13 - METROPOLITANA;SANTIAGO;QUINTA NORMAL;GRAN STGO. Z3A;NO ASIGNADO;NO ASIGNADO;NO ASIGNADO;NO ASIGNADO;1;-33.4403667;-70.714592814;EXPRESS DE LIDER SAN PABLO 2362, SANTIAGO, REGIÓN METROPOLITANA;NO DEFINIDO;0;NO DEFINIDO;SELLOUT;3/26/2020;

280;SUPERMERCADOS;WALMART;LIDER;WALMART;;677;EX - PROVIDENCIA STA ISABEL;EXPRESS;CLUSTER 4;13 - METROPOLITANA;SANTIAGO;PROVIDENCIA;GRAN STGO. Z2A;NO ASIGNADO;NO ASIGNADO;NO ASIGNADO;NO ASIGNADO;1;-33.4454247;-70.630152317;EXPRESS DE LIDER STA ISABEL 861, PROVIDENCIA, REGIÓN METROPOLITANA;NO DEFINIDO;0;NO DEFINIDO;SELLOUT;3/26/2020;

281;SUPERMERCADOS;WALMART;LIDER;WALMART;;685;EX - SANTO DOMINGO;EXPRESS;CLUSTER 4;13 - METROPOLITANA;SANTIAGO;SANTIAGO;GRAN STGO. Z1 CENTRO;NO ASIGNADO;NO ASIGNADO;NO ASIGNADO;NO ASIGNADO;1;-33.436244;-70.654180817;EXPRESS DE LIDER SANTO DOMINGO 1031, SANTIAGO, REGIÓN METROPOLITANA;NO DEFINIDO;0;NO DEFINIDO;SELLOUT;3/26/2020;

282;SUPERMERCADOS;WALMART;LIDER;WALMART;;728;EX - PORTUGAL;EXPRESS;CLUSTER 4;13 - METROPOLITANA;SANTIAGO;SANTIAGO;GRAN STGO. Z1 CENTRO;NO ASIGNADO;NO ASIGNADO;NO ASIGNADO;NO ASIGNADO;1;-33.4501069;-70.6368817;EXPRESS DE LIDER AV. PORTUGAL 634, SANTIAGO, REGIÓN METROPOLITANA;NO DEFINIDO;0;NO DEFINIDO;SELLOUT;3/26/2020;

283;SUPERMERCADOS;WALMART;LIDER;WALMART;;744;EX - EL ROSAL;EXPRESS;CLUSTER 4;13 - METROPOLITANA;SANTIAGO;MAIPÚ;GRAN STGO. Z6A;NO ASIGNADO;NO ASIGNADO;NO ASIGNADO;NO ASIGNADO;1;-33.4727694;-70.760375817;AMÉRICO VESPUCIO NTE 1955, MAIPÚ, REGIÓN METROPOLITANA;NO DEFINIDO;0;NO DEFINIDO;SELLOUT;3/26/2020;

284;SUPERMERCADOS;WALMART;LIDER;WALMART;;164;EX - VIÑA DEL MAR;EXPRESS;CLUSTER 4;05 - VALPARAÍSO;VALPARAÍSO;VALPARAÍSO;VIÑA/VALPARAISO;NO ASIGNADO;NO ASIGNADO;NO ASIGNADO;NO ASIGNADO;1;-33.0467604;-71.6219371;Lider Brasil 1303, Valparaíso, Región de Valparaíso;NO DEFINIDO;0;NO DEFINIDO;SELLOUT;3/26/2020;

285;SUPERMERCADOS;WALMART;LIDER;WALMART;;463;EX - CHILE TABACO VALD.;EXPRESS;CLUSTER 4;05 - VALPARAÍSO;VALPARAÍSO;VALPARAÍSO;VIÑA/VALPARAISO;NO ASIGNADO;NO ASIGNADO;NO ASIGNADO;NO ASIGNADO;1;-33.4400091;-70.60857379999999;Av. Pedro de Valdivia 1885;NO DEFINIDO;0;NO DEFINIDO;SELLOUT;3/26/2020;

286;SUPERMERCADOS;WALMART;LIDER;WALMART;;600;EX - LA LIGUA;EXPRESS;CLUSTER 4;05 - VALPARAÍSO;LA LIGUA;LA LIGUA;VIÑA/VALPARAISO;NO ASIGNADO;NO ASIGNADO;NO ASIGNADO;NO ASIGNADO;1;-32.4471205;-71.235794917;EXPRESS DE LIDER SANTA TERESA 735, LA LIGUA, REGIÓN DE VALPARAÍSO;NO DEFINIDO;0;NO DEFINIDO;SELLOUT;3/26/2020;

287;SUPERMERCADOS;WALMART;LIDER;WALMART;;601;EX - LOS ANDES;EXPRESS;CLUSTER 4;05 - VALPARAÍSO;LOS ANDES;LOS ANDES;VIÑA/VALPARAISO;NO ASIGNADO;NO ASIGNADO;NO ASIGNADO;NO ASIGNADO;1;-32.8348278;-70.60805717;EXPRESS DE LIDER STA TERESA 683, LOS ANDES, REGIÓN DE VALPARAÍSO;NO DEFINIDO;0;NO DEFINIDO;SELLOUT;3/26/2020;

288;SUPERMERCADOS;WALMART;LIDER;WALMART;;615;EX - PEDRO MONTT;EXPRESS;CLUSTER 4;05 - VALPARAÍSO;VALPARAÍSO;VALPARAÍSO;VIÑA/VALPARAISO;NO ASIGNADO;NO ASIGNADO;NO ASIGNADO;NO ASIGNADO;1;-33.0528814;-71.6157533;PEDRO MONTT 1775;NO DEFINIDO;0;NO DEFINIDO;SELLOUT;3/26/2020;

289;SUPERMERCADOS;WALMART;LIDER;WALMART;;644;EX - SAN FELIPE;EXPRESS;CLUSTER 4;05 - VALPARAÍSO;SAN FELIPE;SAN FELIPE;VIÑA/VALPARAISO;NO ASIGNADO;NO ASIGNADO;NO ASIGNADO;NO ASIGNADO;1;-32.7536008;-70.70841;SUPERMERCADO LIDER EXPRESS TOCORNAL 2450, SAN FELIPE, REGIÓN DE VALPARAÍSO;NO DEFINIDO;0;NO DEFINIDO;SELLOUT;3/26/2020;

290;SUPERMERCADOS;WALMART;LIDER;WALMART;;668;EX - LA CALERA;EXPRESS;CLUSTER 4;05 - VALPARAÍSO;QUILLOTA;LA CALERA;VIÑA/VALPARAISO;NO ASIGNADO;NO ASIGNADO;NO ASIGNADO;NO ASIGNADO;1;-32.7877086;-71.199931317;EXPRESS DE LIDER CARRERA 1195, LA CALERA, CALERA, REGIÓN DE VALPARAÍSO;NO DEFINIDO;0;NO DEFINIDO;SELLOUT;3/26/2020;

291;SUPERMERCADOS;WALMART;LIDER;WALMART;;678;EX - VILLA ALEMANA 1;EXPRESS;CLUSTER 4;05 - VALPARAÍSO;VILLA ALEMANA;VILLA ALEMANA;VIÑA/VALPARAISO;NO ASIGNADO;NO ASIGNADO;NO ASIGNADO;NO ASIGNADO;1;-33.0477421;-71.350592717;EXPRESS DE LIDER MANUEL MONTT 1561, VILLA ALEMANA, REGIÓN DE VALPARAÍSO;NO DEFINIDO;0;NO DEFINIDO;SELLOUT;3/26/2020;

292;SUPERMERCADOS;WALMART;LIDER;WALMART;;696;EX - EX VALPARAÍSO CURAUMA;EXPRESS;CLUSTER 4;05 - VALPARAÍSO;VALPARAÍSO;VALPARAÍSO;VIÑA/VALPARAISO;NO ASIGNADO;NO ASIGNADO;NO ASIGNADO;NO ASIGNADO;1;-33.1291642;-71.565257817;LIDER AV. CURAUMA NTE. 2961, VALPARAÍSO, REGIÓN DE VALPARAÍSO;NO DEFINIDO;0;NO DEFINIDO;SELLOUT;3/26/2020;

293;SUPERMERCADOS;WALMART;LIDER;WALMART;;134;EX - LOS ÁNGELES;EXPRESS;CLUSTER 4;08 - BIO BIO;LOS ÁNGELES;LOS ÁNGELES;CONCEPCION/TALCAHUANO;NO ASIGNADO;NO ASIGNADO;NO ASIGNADO;NO ASIGNADO;1;-33.4178815;-70.6093754;RICARDO VICUÑA 284;NO DEFINIDO;0;NO DEFINIDO;SELLOUT;3/26/2020;

294;SUPERMERCADOS;WALMART;LIDER;WALMART;;142;EX - DOS SUR;EXPRESS;CLUSTER 4;07 - MAULE;TALCA;TALCA;CURICO/TALCA/MOLINA;NO ASIGNADO;NO ASIGNADO;NO ASIGNADO;NO ASIGNADO;1;-35.4296045;-71.6464003;PJE UNO 1/2 SUR A 2015;NO DEFINIDO;0;NO DEFINIDO;SELLOUT;3/26/2020;

295;SUPERMERCADOS;WALMART;LIDER;WALMART;;144;EX - PARRAL SUCURSAL;EXPRESS;CLUSTER 4;07 - MAULE;PARRAL;PARRAL;CURICO/TALCA/MOLINA;NO ASIGNADO;NO ASIGNADO;NO ASIGNADO;NO ASIGNADO;1;-36.139404;-71.82873899999998;AVENIDA ANIBAL PINTO 299;NO DEFINIDO;0;NO DEFINIDO;SELLOUT;3/26/2020;

296;SUPERMERCADOS;WALMART;LIDER;WALMART;;146;EX - SAN JAVIER SUCURSAL;EXPRESS;CLUSTER 4;07 - MAULE;SAN JAVIER;SAN JAVIER;CURICO/TALCA/MOLINA;NO ASIGNADO;NO ASIGNADO;NO ASIGNADO;NO ASIGNADO;1;-35.599949611790116;-71.73223543413803;CHORRILLOS 1821;NO DEFINIDO;0;NO DEFINIDO;SELLOUT;3/26/2020;

297;SUPERMERCADOS;WALMART;LIDER;WALMART;;523;EX - LOS ÁNGELES;EXPRESS;CLUSTER 4;08 - BIO BIO;LOS ÁNGELES;LOS ÁNGELES;CONCEPCION/TALCAHUANO;NO ASIGNADO;NO ASIGNADO;NO ASIGNADO;NO ASIGNADO;1;-37.4737589;-72.3512702;Lider Av. Ricardo Vicu?a 284, Los Angeles, Los Ángeles, Región del Bío Bío;NO DEFINIDO;0;NO DEFINIDO;SELLOUT;3/26/2020;

298;SUPERMERCADOS;WALMART;LIDER;WALMART;;652;EX - TEMUCO RECABARREN;EXPRESS;CLUSTER 4;09 - LA ARAUCANIA;TEMUCO;TEMUCO;TEMUCO;NO ASIGNADO;NO ASIGNADO;NO ASIGNADO;NO ASIGNADO;1;-38.7566469;-72.64105749999999;AV. RECABARREN 2320;NO DEFINIDO;0;NO DEFINIDO;SELLOUT;3/26/2020;

299;SUPERMERCADOS;WALMART;LIDER;WALMART;;653;EX - CURICÓ ALESSANDRI;EXPRESS;CLUSTER 4;07 - MAULE;CURICÓ;CURICÓ;CURICO/TALCA/MOLINA;NO ASIGNADO;NO ASIGNADO;NO ASIGNADO;NO ASIGNADO;1;-33.0002839;-71.5121773;Lider Arturo Alessandri 1231, Curicó, Vi?a del Mar, Región de Valparaíso;NO DEFINIDO;0;NO DEFINIDO;SELLOUT;3/26/2020;

300;SUPERMERCADOS;WALMART;LIDER;WALMART;;683;EX - VALDIVIA CENTRO;EXPRESS;CLUSTER 4;14 - LOS RÍOS;VALDIVIA;VALDIVIA;OSORNO/VALDIVIA/PUERTO MONTT;NO ASIGNADO;NO ASIGNADO;NO ASIGNADO;NO ASIGNADO;1;-39.8146798;-73.24104360000001;Av. RamÃ³n Picarte 640;NO DEFINIDO;0;NO DEFINIDO;SELLOUT;3/26/2020;

301;SUPERMERCADOS;WALMART;LIDER;WALMART;;687;EX - TEMUCO CAUPOLICAN;EXPRESS;CLUSTER 4;09 - LA ARAUCANIA;TEMUCO;TEMUCO;TEMUCO;NO ASIGNADO;NO ASIGNADO;NO ASIGNADO;NO ASIGNADO;1;-38.7158079;-72.56368880000002;RUDECINDO ORTEGA 1575;NO DEFINIDO;0;NO DEFINIDO;SELLOUT;3/26/2020;

302;SUPERMERCADOS;WALMART;LIDER;WALMART;;645;EX - RANCAGUA;EXPRESS;CLUSTER 4;06 - OHIGGINS;RANCAGUA;RANCAGUA;RANCAGUA/MACHALI/SAN FERN.;NO ASIGNADO;NO ASIGNADO;NO ASIGNADO;NO ASIGNADO;1;-34.1666588;-70.7494144;STA MARÍA 172;NO DEFINIDO;0;NO DEFINIDO;SELLOUT;3/26/2020;

303;SUPERMERCADOS;WALMART;LIDER;WALMART;;695;EX - EX RANCAGUA;EXPRESS;CLUSTER 4;06 - OHIGGINS;RANCAGUA;RANCAGUA;RANCAGUA/MACHALI/SAN FERN.;NO ASIGNADO;NO ASIGNADO;NO ASIGNADO;NO ASIGNADO;1;-33.3990981;-70.5757017;Sta MarÃ­a 172;NO DEFINIDO;0;NO DEFINIDO;SELLOUT;3/26/2020;

304;SUPERMERCADOS;WALMART;LIDER;WALMART;;742;EX - CONCEPCIÓN;EXPRESS;NO DEFINIDO;08 - BIO BIO;CONCEPCIÓN;CONCEPCIÓN;NO INFORMADO;NO ASIGNADO;NO ASIGNADO;NO ASIGNADO;NO ASIGNADO;1;-36.8139862;-73.0474598;SARGENTO ALDEA 135;NO DEFINIDO;0;NO DEFINIDO;SELLOUT;3/26/2020;

305;SUPERMERCADOS;WALMART;LIDER;WALMART;;196;EX - ÑUÑOA JD CANAS;EXPRESS;NO DEFINIDO;13 - METROPOLITANA;SANTIAGO;ÑUÑOA;NO INFORMADO;NO ASIGNADO;NO ASIGNADO;NO ASIGNADO;NO ASIGNADO;1;-33.4562445852355;-70.61435781419277;JOSÉ DOMINGO CAÑAS 1580;NO DEFINIDO;0;NO DEFINIDO;SELLOUT;3/26/2020;

306;SUPERMERCADOS;WALMART;LIDER;WALMART;;188;EX - ISABEL LA CATOLICA;EXPRESS;NO INFORMADO;13 - METROPOLITANA;SANTIAGO;LAS CONDES;NO DEFINIDO;NO ASIGNADO;NO ASIGNADO;NO ASIGNADO;NO ASIGNADO;1;-33.44835;-70.641469;Lider Sta Isabel 0168, Providencia, Región Metropolitana;NO DEFINIDO;0;NO DEFINIDO;SELLOUT;3/26/2020;

307;SUPERMERCADOS;WALMART;LIDER;WALMART;;940;EX - QUIICURA LO CAMPINO 2;EXPRESS;NO DEFINIDO;13 - METROPOLITANA;SANTIAGO;QUILICURA;NO DEFINIDO;NO ASIGNADO;NO ASIGNADO;NO ASIGNADO;NO ASIGNADO;1;0;0;NO DEFINIDO;NO DEFINIDO;0;NO DEFINIDO;SELLOUT;3/26/2020;

308;SUPERMERCADOS;WALMART;LIDER;WALMART;;743;EX - VIÑA DEL MAR REÑACA;EXPRESS;NO DEFINIDO;05 - VALPARAÍSO;VIÑA DEL MAR;VIÑA DEL MAR;NO DEFINIDO;NO ASIGNADO;NO ASIGNADO;NO ASIGNADO;NO ASIGNADO;1;0;0;NO DEFINIDO;NO DEFINIDO;0;NO DEFINIDO;SELLOUT;3/26/2020;

309;SUPERMERCADOS;WALMART;LIDER;WALMART;;34;EX - MIRAFLORES;EXPRESS;CLUSTER 4;05 - VALPARAÍSO;VIÑA DEL MAR;VIÑA DEL MAR;VIÑA/VALPARAISO;NO ASIGNADO;NO ASIGNADO;NO ASIGNADO;NO ASIGNADO;1;-33.0235548;-71.511531717;SUPERMERCADO MIRAFLORES ALTO EDUARDO FREI 4025, VI?A DEL MAR, VALPARAISO, REGIÓN DE VALPARAÍSO;NO DEFINIDO;0;NO DEFINIDO;SELLOUT;4/7/2020;

310;SUPERMERCADOS;WALMART;EKONO;WALMART;;219;EKON - EYZAGUIRRE;EKONO;CLUSTER 4;13 - METROPOLITANA;SANTIAGO;PUENTE ALTO;GRAN STGO. Z5C;NO ASIGNADO;NO ASIGNADO;NO ASIGNADO;NO ASIGNADO;1;-33.6144934;-70.5911218;Av. Eyzaguirre 1300;NO DEFINIDO;0;NO DEFINIDO;SELLOUT;5/12/2020;

311;SUPERMERCADOS;WALMART;LIDER;WALMART;;985;LIDER SAN FELIPE;HIPER;NO DEFINIDO;05 - VALPARAÍSO;VALPARAÍSO;SAN FELIPE;NO DEFINIDO;NO ASIGNADO;NO ASIGNADO;NO ASIGNADO;NO ASIGNADO;1;0;0;NO DEFINIDO;NO DEFINIDO;0;NO DEFINIDO;SELLOUT;6/4/2020;

312;MAYORISTAS;WALMART;ACUENTA;WALMART;;582;BA - SAN CARLOS;ACUENTA;CLUSTER 4;08 - BIO BIO;SAN CARLOS;SAN CARLOS;CONCEPCION/TALCAHUANO;NO ASIGNADO;NO ASIGNADO;NO ASIGNADO;NO ASIGNADO;1;-36.4257907;-71.9728762;ACUENTA FRANCISCO BILBAO 0293, SAN CARLOS, REGIÓN DEL BÍO BÍO;NO DEFINIDO;0;1;SELLOUT;6/16/2020;

313;MAYORISTAS;WALMART;ACUENTA;WALMART;;586;BA - PENCO;ACUENTA;CLUSTER 4;08 - BIO BIO;CONCEPCIÓN;PENCO;CONCEPCION/TALCAHUANO;NO ASIGNADO;NO ASIGNADO;NO ASIGNADO;NO ASIGNADO;1;-36.7344666;-72.98869;ACUENTA 889, TOLTÉN 867, PENCO, REGIÓN DEL BÍO BÍO;NO DEFINIDO;0;1;SELLOUT;6/16/2020;

315;SUPERMERCADOS;WALMART;LIDER;WALMART;;929;HI - LIDER PUERTO MONTT LA PAI;NO DEFINIDO;NO DEFINIDO;10 - LOS LAGOS;PUERTO MONTT;PUERTO MONTT;NO DEFINIDO;NO ASIGNADO;NO ASIGNADO;NO ASIGNADO;NO ASIGNADO;1;0;0;NO DEFINIDO;NO DEFINIDO;0;NO DEFINIDO;SELLOUT;7/2/2020;

316;MAYORISTAS;WALMART;ACUENTA;WALMART;;161;BA - PUENTE ALTO EYZAGUIRRE;ACUENTA;CLUSTER 4;13 - METROPOLITANA;SANTIAGO;PUENTE ALTO;GRAN STGO. Z5C;NO ASIGNADO;NO ASIGNADO;NO ASIGNADO;NO ASIGNADO;1;-33.5979899;-70.611905;SUPER BODEGA A CUENTA AV. EYZAGUIRRE 3965, PUENTE ALTO, REGIÓN METROPOLITANA;NO DEFINIDO;0;1;SELLOUT;8/4/2020;

